scheme_id,category,state_or_region,scheme_name,scheme_description,scheme_eligibility,keywords,search_aliases,intent_tags,source_url,source_type,verification_status,last_verified_at,version,notes,searchable_text
ayushman-bharat-pradhan-mantri-jan-arogya-yojana-ab-pmjay,central,India,Ayushman Bharat – Pradhan Mantri Jan Arogya Yojana (AB-PMJAY),"Government-funded health assurance for secondary and tertiary hospitalization, generally providing up to ₹5 lakh per eligible family per year on a family-floater basis through empanelled hospitals.",Eligibility is based primarily on the scheme's notified beneficiary database/eligibility criteria and applicable government rules; implementation can include state-specific beneficiary categories. Eligibility should be verified using the official PM-JAY/state beneficiary system.,"PMJAY, AB-PMJAY, Ayushman Bharat, Ayushman card, ₹5 lakh, cashless hospitalization, secondary care, tertiary care, poor families, vulnerable families, government health insurance, health assurance",PMJAY; AB-PMJAY; Ayushman Bharat; Ayushman card; ₹5 lakh; cashless hospitalization; secondary care; tertiary care; Ayushman Bharat – Pradhan Mantri Jan Arogya Yojana (AB-PMJAY) health insurance; government health scheme India,scheme_discovery; eligibility; benefits; documents; claims,,,needs_verification,,,Seed metadata. Verify against the latest official government source before production eligibility decisions.,"Scheme: Ayushman Bharat – Pradhan Mantri Jan Arogya Yojana (AB-PMJAY)
Region: India
Category: central
Description: Government-funded health assurance for secondary and tertiary hospitalization, generally providing up to ₹5 lakh per eligible family per year on a family-floater basis through empanelled hospitals.
Eligibility: Eligibility is based primarily on the scheme's notified beneficiary database/eligibility criteria and applicable government rules; implementation can include state-specific beneficiary categories. Eligibility should be verified using the official PM-JAY/state beneficiary system.
Keywords: PMJAY, AB-PMJAY, Ayushman Bharat, Ayushman card, ₹5 lakh, cashless hospitalization, secondary care, tertiary care, poor families, vulnerable families, government health insurance, health assurance
Search aliases: PMJAY; AB-PMJAY; Ayushman Bharat; Ayushman card; ₹5 lakh; cashless hospitalization; secondary care; tertiary care; Ayushman Bharat – Pradhan Mantri Jan Arogya Yojana (AB-PMJAY) health insurance; government health scheme India"
ab-pmjay-for-senior-citizens-aged-70,central,India,AB-PMJAY for Senior Citizens aged 70+,"Ayushman Bharat health coverage pathway for eligible senior citizens aged 70 years and above, subject to the currently notified rules and beneficiary enrolment process.","Indian citizens aged 70 years and above are the core target group under the senior-citizen expansion; applicable enrolment, Aadhaar/identity and scheme rules must be checked at the official portal.","70 plus, 70+, senior citizen, elderly, Ayushman Vay Vandana, Ayushman card, PMJAY senior citizen, old age health insurance, hospitalization",70 plus; 70+; senior citizen; elderly; Ayushman Vay Vandana; Ayushman card; PMJAY senior citizen; old age health insurance; AB-PMJAY for Senior Citizens aged 70+ health insurance; government health scheme India,scheme_discovery; eligibility; benefits; documents; application; claims,,,needs_verification,,,Seed metadata. Verify against the latest official government source before production eligibility decisions.,"Scheme: AB-PMJAY for Senior Citizens aged 70+
Region: India
Category: central
Description: Ayushman Bharat health coverage pathway for eligible senior citizens aged 70 years and above, subject to the currently notified rules and beneficiary enrolment process.
Eligibility: Indian citizens aged 70 years and above are the core target group under the senior-citizen expansion; applicable enrolment, Aadhaar/identity and scheme rules must be checked at the official portal.
Keywords: 70 plus, 70+, senior citizen, elderly, Ayushman Vay Vandana, Ayushman card, PMJAY senior citizen, old age health insurance, hospitalization
Search aliases: 70 plus; 70+; senior citizen; elderly; Ayushman Vay Vandana; Ayushman card; PMJAY senior citizen; old age health insurance; AB-PMJAY for Senior Citizens aged 70+ health insurance; government health scheme India"
central-government-health-scheme-cghs,central,India,Central Government Health Scheme (CGHS),"Comprehensive government health service for eligible Central Government employees, pensioners and specified beneficiary categories, including outpatient care, medicines, investigations and hospitalization through CGHS facilities and empanelled providers.","Serving and retired Central Government employees, eligible family members and other categories notified under CGHS rules; eligibility depends on employment/retirement status and covered location.","CGHS, Central Government employees, CGHS pensioner, government employee health scheme, pensioner health care, wellness centre, central government health insurance",CGHS; Central Government employees; CGHS pensioner; government employee health scheme; pensioner health care; wellness centre; central government health insurance; Central Government Health Scheme (CGHS) health insurance; government health scheme India,scheme_discovery; eligibility; benefits; claims; employee_or_pensioner,,,needs_verification,,,Seed metadata. Verify against the latest official government source before production eligibility decisions.,"Scheme: Central Government Health Scheme (CGHS)
Region: India
Category: central
Description: Comprehensive government health service for eligible Central Government employees, pensioners and specified beneficiary categories, including outpatient care, medicines, investigations and hospitalization through CGHS facilities and empanelled providers.
Eligibility: Serving and retired Central Government employees, eligible family members and other categories notified under CGHS rules; eligibility depends on employment/retirement status and covered location.
Keywords: CGHS, Central Government employees, CGHS pensioner, government employee health scheme, pensioner health care, wellness centre, central government health insurance
Search aliases: CGHS; Central Government employees; CGHS pensioner; government employee health scheme; pensioner health care; wellness centre; central government health insurance; Central Government Health Scheme (CGHS) health insurance; government health scheme India"
employees-state-insurance-scheme-esi-esic,central,India,Employees' State Insurance Scheme (ESI/ESIC),Contributory social security and medical benefit scheme providing healthcare and related social-security benefits to insured employees and eligible family members.,"Employees covered under the ESI Act and applicable wage/employment coverage conditions, plus eligible dependants; contribution and establishment coverage rules apply.","ESIC, ESI, employee state insurance, insured person, IP number, worker health insurance, industrial worker, employee medical benefit, dependants",ESIC; ESI; employee state insurance; insured person; IP number; worker health insurance; industrial worker; employee medical benefit; Employees' State Insurance Scheme (ESI/ESIC) health insurance; government health scheme India,scheme_discovery; eligibility; benefits; application; employee_or_pensioner,,,needs_verification,,,Seed metadata. Verify against the latest official government source before production eligibility decisions.,"Scheme: Employees' State Insurance Scheme (ESI/ESIC)
Region: India
Category: central
Description: Contributory social security and medical benefit scheme providing healthcare and related social-security benefits to insured employees and eligible family members.
Eligibility: Employees covered under the ESI Act and applicable wage/employment coverage conditions, plus eligible dependants; contribution and establishment coverage rules apply.
Keywords: ESIC, ESI, employee state insurance, insured person, IP number, worker health insurance, industrial worker, employee medical benefit, dependants
Search aliases: ESIC; ESI; employee state insurance; insured person; IP number; worker health insurance; industrial worker; employee medical benefit; Employees' State Insurance Scheme (ESI/ESIC) health insurance; government health scheme India"
ex-servicemen-contributory-health-scheme-echs,central,India,Ex-Servicemen Contributory Health Scheme (ECHS),Cashless medical scheme for eligible ex-servicemen pensioners and their dependants through ECHS polyclinics and empanelled hospitals.,"Eligible ex-servicemen pensioners and eligible dependants covered under ECHS rules, subject to membership/contribution and service-status conditions.","ECHS, ex-servicemen, defence pensioner, military veteran, ex serviceman health, dependants, defence health insurance",ECHS; ex-servicemen; defence pensioner; military veteran; ex serviceman health; dependants; defence health insurance; Ex-Servicemen Contributory Health Scheme (ECHS) health insurance; government health scheme India,scheme_discovery; eligibility; benefits; claims; employee_or_pensioner,,,needs_verification,,,Seed metadata. Verify against the latest official government source before production eligibility decisions.,"Scheme: Ex-Servicemen Contributory Health Scheme (ECHS)
Region: India
Category: central
Description: Cashless medical scheme for eligible ex-servicemen pensioners and their dependants through ECHS polyclinics and empanelled hospitals.
Eligibility: Eligible ex-servicemen pensioners and eligible dependants covered under ECHS rules, subject to membership/contribution and service-status conditions.
Keywords: ECHS, ex-servicemen, defence pensioner, military veteran, ex serviceman health, dependants, defence health insurance
Search aliases: ECHS; ex-servicemen; defence pensioner; military veteran; ex serviceman health; dependants; defence health insurance; Ex-Servicemen Contributory Health Scheme (ECHS) health insurance; government health scheme India"
ayushman-capf,central,Assam,Ayushman CAPF,Health assurance pathway for Central Armed Police Forces personnel and their dependants using the PM-JAY technology and empanelled healthcare network.,Eligible serving/retired CAPF personnel and eligible dependants under the notified CAPF scheme rules and force-wise coverage.,"Ayushman CAPF, CAPF, CRPF, BSF, CISF, ITBP, SSB, Assam Rifles, armed police, personnel health, dependants",Ayushman CAPF; CAPF; CRPF; BSF; CISF; ITBP; SSB; Assam Rifles; Ayushman CAPF health insurance; government health scheme Assam,scheme_discovery; eligibility; benefits,,,needs_verification,,,Seed metadata. Verify against the latest official government source before production eligibility decisions.,"Scheme: Ayushman CAPF
Region: Assam
Category: central
Description: Health assurance pathway for Central Armed Police Forces personnel and their dependants using the PM-JAY technology and empanelled healthcare network.
Eligibility: Eligible serving/retired CAPF personnel and eligible dependants under the notified CAPF scheme rules and force-wise coverage.
Keywords: Ayushman CAPF, CAPF, CRPF, BSF, CISF, ITBP, SSB, Assam Rifles, armed police, personnel health, dependants
Search aliases: Ayushman CAPF; CAPF; CRPF; BSF; CISF; ITBP; SSB; Assam Rifles; Ayushman CAPF health insurance; government health scheme Assam"
contributory-health-service-scheme-chss,central,India,Contributory Health Service Scheme (CHSS),Medical benefit scheme for eligible employees and beneficiaries of the Department of Atomic Energy and associated covered establishments.,Eligible serving/retired DAE employees and specified family/dependant categories under CHSS rules.,"CHSS, Atomic Energy, DAE employee, atomic energy health scheme, government employee medical, dependant",CHSS; Atomic Energy; DAE employee; atomic energy health scheme; government employee medical; dependant; Contributory Health Service Scheme (CHSS) health insurance; government health scheme India,scheme_discovery; eligibility; benefits; employee_or_pensioner,,,needs_verification,,,Seed metadata. Verify against the latest official government source before production eligibility decisions.,"Scheme: Contributory Health Service Scheme (CHSS)
Region: India
Category: central
Description: Medical benefit scheme for eligible employees and beneficiaries of the Department of Atomic Energy and associated covered establishments.
Eligibility: Eligible serving/retired DAE employees and specified family/dependant categories under CHSS rules.
Keywords: CHSS, Atomic Energy, DAE employee, atomic energy health scheme, government employee medical, dependant
Search aliases: CHSS; Atomic Energy; DAE employee; atomic energy health scheme; government employee medical; dependant; Contributory Health Service Scheme (CHSS) health insurance; government health scheme India"
railway-employees-liberalized-health-scheme-relhs,central,India,Railway Employees Liberalized Health Scheme (RELHS),Post-retirement medical benefit scheme for eligible retired railway employees and specified family members.,Eligible retired railway employees and family/dependants covered under Railway health-service rules and RELHS conditions.,"RELHS, railway pensioner, retired railway employee, Indian Railways health, railway medical scheme, pensioner",RELHS; railway pensioner; retired railway employee; Indian Railways health; railway medical scheme; pensioner; Railway Employees Liberalized Health Scheme (RELHS) health insurance; government health scheme India,scheme_discovery; eligibility; benefits; employee_or_pensioner,,,needs_verification,,,Seed metadata. Verify against the latest official government source before production eligibility decisions.,"Scheme: Railway Employees Liberalized Health Scheme (RELHS)
Region: India
Category: central
Description: Post-retirement medical benefit scheme for eligible retired railway employees and specified family members.
Eligibility: Eligible retired railway employees and family/dependants covered under Railway health-service rules and RELHS conditions.
Keywords: RELHS, railway pensioner, retired railway employee, Indian Railways health, railway medical scheme, pensioner
Search aliases: RELHS; railway pensioner; retired railway employee; Indian Railways health; railway medical scheme; pensioner; Railway Employees Liberalized Health Scheme (RELHS) health insurance; government health scheme India"
niramaya-health-insurance-scheme,central,India,NIRAMAYA Health Insurance Scheme,"Health insurance support for eligible persons with specified disabilities, covering defined healthcare expenses subject to scheme terms.",Persons with eligible specified disabilities who satisfy NIRAMAYA enrolment and documentation requirements; disability certification and applicable age/enrolment rules apply.,"NIRAMAYA, disability health insurance, PwD, persons with disability, autism, cerebral palsy, multiple disability, national trust",NIRAMAYA; disability health insurance; PwD; persons with disability; autism; cerebral palsy; multiple disability; national trust; government health scheme India,scheme_discovery; eligibility; benefits; documents; application,,,needs_verification,,,Seed metadata. Verify against the latest official government source before production eligibility decisions.,"Scheme: NIRAMAYA Health Insurance Scheme
Region: India
Category: central
Description: Health insurance support for eligible persons with specified disabilities, covering defined healthcare expenses subject to scheme terms.
Eligibility: Persons with eligible specified disabilities who satisfy NIRAMAYA enrolment and documentation requirements; disability certification and applicable age/enrolment rules apply.
Keywords: NIRAMAYA, disability health insurance, PwD, persons with disability, autism, cerebral palsy, multiple disability, national trust
Search aliases: NIRAMAYA; disability health insurance; PwD; persons with disability; autism; cerebral palsy; multiple disability; national trust; government health scheme India"
health-minister-s-discretionary-grant-hmdg,central,India,Health Minister's Discretionary Grant (HMDG),Financial assistance for treatment/hospitalization for indigent patients in specified circumstances; it is assistance rather than a conventional insurance policy.,Indigent patients meeting the notified financial/medical and treatment conditions; assistance is subject to applicable ministry guidelines and limits.,"HMDG, Health Minister Discretionary Grant, poor patient, medical financial assistance, hospital assistance, indigent patient",HMDG; Health Minister Discretionary Grant; poor patient; medical financial assistance; hospital assistance; indigent patient; Health Minister's Discretionary Grant (HMDG) health insurance; government health scheme India,scheme_discovery; eligibility; benefits; claims,,,needs_verification,,,Seed metadata. Verify against the latest official government source before production eligibility decisions.,"Scheme: Health Minister's Discretionary Grant (HMDG)
Region: India
Category: central
Description: Financial assistance for treatment/hospitalization for indigent patients in specified circumstances; it is assistance rather than a conventional insurance policy.
Eligibility: Indigent patients meeting the notified financial/medical and treatment conditions; assistance is subject to applicable ministry guidelines and limits.
Keywords: HMDG, Health Minister Discretionary Grant, poor patient, medical financial assistance, hospital assistance, indigent patient
Search aliases: HMDG; Health Minister Discretionary Grant; poor patient; medical financial assistance; hospital assistance; indigent patient; Health Minister's Discretionary Grant (HMDG) health insurance; government health scheme India"
dr-ysr-aarogyasri-dr-ntr-vaidya-seva-andhra-pradesh,state,Andhra Pradesh,Dr. YSR Aarogyasri / Dr. NTR Vaidya Seva – Andhra Pradesh,State-supported health assurance programme providing financial protection for eligible families for specified secondary and tertiary treatments at empanelled hospitals.,Eligible Andhra Pradesh residents/families identified under the state's current beneficiary and socioeconomic rules; exact categories and coverage should be checked against the current state portal.,"Andhra Pradesh, AP Aarogyasri, YSR Aarogyasri, NTR Vaidya Seva, Aarogyasri card, AP health insurance, cashless treatment, empanelled hospital",Andhra Pradesh; AP Aarogyasri; YSR Aarogyasri; NTR Vaidya Seva; Aarogyasri card; AP health insurance; cashless treatment; empanelled hospital; Dr. YSR Aarogyasri / Dr. NTR Vaidya Seva – Andhra Pradesh health insurance; government health scheme Andhra Pradesh,scheme_discovery; eligibility; benefits; documents; claims,,,needs_verification,,,Seed metadata. Verify against the latest official government source before production eligibility decisions.,"Scheme: Dr. YSR Aarogyasri / Dr. NTR Vaidya Seva – Andhra Pradesh
Region: Andhra Pradesh
Category: state
Description: State-supported health assurance programme providing financial protection for eligible families for specified secondary and tertiary treatments at empanelled hospitals.
Eligibility: Eligible Andhra Pradesh residents/families identified under the state's current beneficiary and socioeconomic rules; exact categories and coverage should be checked against the current state portal.
Keywords: Andhra Pradesh, AP Aarogyasri, YSR Aarogyasri, NTR Vaidya Seva, Aarogyasri card, AP health insurance, cashless treatment, empanelled hospital
Search aliases: Andhra Pradesh; AP Aarogyasri; YSR Aarogyasri; NTR Vaidya Seva; Aarogyasri card; AP health insurance; cashless treatment; empanelled hospital; Dr. YSR Aarogyasri / Dr. NTR Vaidya Seva – Andhra Pradesh health insurance; government health scheme Andhra Pradesh"
aarogyasri-telangana-health-protection-pathway,state,Andhra Pradesh,Aarogyasri / Telangana Health Protection pathway,"Telangana's government health assurance programme for eligible low-income and other notified beneficiary groups, covering specified hospitalization packages.",Eligibility depends on the current Telangana Aarogyasri beneficiary database and notified household/category rules.,"Telangana Aarogyasri, Aarogyasri Telangana, health card, white ration card, cashless treatment, Telangana health insurance, hospitalization",Telangana Aarogyasri; Aarogyasri Telangana; health card; white ration card; cashless treatment; Telangana health insurance; hospitalization; Aarogyasri / Telangana Health Protection pathway health insurance; government health scheme Andhra Pradesh,scheme_discovery; eligibility; benefits; documents; claims,,,needs_verification,,,Seed metadata. Verify against the latest official government source before production eligibility decisions.,"Scheme: Aarogyasri / Telangana Health Protection pathway
Region: Andhra Pradesh
Category: state
Description: Telangana's government health assurance programme for eligible low-income and other notified beneficiary groups, covering specified hospitalization packages.
Eligibility: Eligibility depends on the current Telangana Aarogyasri beneficiary database and notified household/category rules.
Keywords: Telangana Aarogyasri, Aarogyasri Telangana, health card, white ration card, cashless treatment, Telangana health insurance, hospitalization
Search aliases: Telangana Aarogyasri; Aarogyasri Telangana; health card; white ration card; cashless treatment; Telangana health insurance; hospitalization; Aarogyasri / Telangana Health Protection pathway health insurance; government health scheme Andhra Pradesh"
atal-amrit-abhiyan-assam,state,Assam,Atal Amrit Abhiyan – Assam,Government health assurance scheme aimed at reducing financial burden for eligible residents for specified serious diseases and treatments.,Eligibility is based on Assam residency and the current notified beneficiary/income or category requirements; verify the current enrolment criteria with Assam authorities.,"Assam, Atal Amrit Abhiyan, AAA, health insurance Assam, cancer, kidney, cardiac, burns, neonatal, serious illness",Assam; Atal Amrit Abhiyan; AAA; health insurance Assam; cancer; kidney; cardiac; burns; Atal Amrit Abhiyan – Assam health insurance; government health scheme Assam,scheme_discovery; eligibility; benefits; documents; application,,,needs_verification,,,Seed metadata. Verify against the latest official government source before production eligibility decisions.,"Scheme: Atal Amrit Abhiyan – Assam
Region: Assam
Category: state
Description: Government health assurance scheme aimed at reducing financial burden for eligible residents for specified serious diseases and treatments.
Eligibility: Eligibility is based on Assam residency and the current notified beneficiary/income or category requirements; verify the current enrolment criteria with Assam authorities.
Keywords: Assam, Atal Amrit Abhiyan, AAA, health insurance Assam, cancer, kidney, cardiac, burns, neonatal, serious illness
Search aliases: Assam; Atal Amrit Abhiyan; AAA; health insurance Assam; cancer; kidney; cardiac; burns; Atal Amrit Abhiyan – Assam health insurance; government health scheme Assam"
mukhyamantri-jan-arogya-yojana-bihar,state,Bihar,Mukhyamantri Jan Arogya Yojana – Bihar,Bihar government health assurance pathway linked to the state's implementation of government-funded hospitalization coverage for eligible households.,Eligible Bihar residents/households meeting the current state beneficiary criteria and applicable PM-JAY/state rules.,"Bihar, Mukhyamantri Jan Arogya Yojana, MJAY Bihar, Ayushman Bihar, health card, cashless hospitalization, Bihar health insurance",Bihar; Mukhyamantri Jan Arogya Yojana; MJAY Bihar; Ayushman Bihar; health card; cashless hospitalization; Bihar health insurance; Mukhyamantri Jan Arogya Yojana – Bihar health insurance; government health scheme Bihar,scheme_discovery; eligibility; benefits; documents; claims,,,needs_verification,,,Seed metadata. Verify against the latest official government source before production eligibility decisions.,"Scheme: Mukhyamantri Jan Arogya Yojana – Bihar
Region: Bihar
Category: state
Description: Bihar government health assurance pathway linked to the state's implementation of government-funded hospitalization coverage for eligible households.
Eligibility: Eligible Bihar residents/households meeting the current state beneficiary criteria and applicable PM-JAY/state rules.
Keywords: Bihar, Mukhyamantri Jan Arogya Yojana, MJAY Bihar, Ayushman Bihar, health card, cashless hospitalization, Bihar health insurance
Search aliases: Bihar; Mukhyamantri Jan Arogya Yojana; MJAY Bihar; Ayushman Bihar; health card; cashless hospitalization; Bihar health insurance; Mukhyamantri Jan Arogya Yojana – Bihar health insurance; government health scheme Bihar"
ayushman-bharat-pm-jay-dr-khubchand-baghel-swasthya-sahayata-yojana,state,Chhattisgarh,Ayushman Bharat PM-JAY – Dr. Khubchand Baghel Swasthya Sahayata Yojana,Integrated government health assurance programme in Chhattisgarh providing cashless treatment packages through the state/PM-JAY network.,Eligibility follows the applicable Chhattisgarh beneficiary categories and PM-JAY/state scheme rules; beneficiary verification is required.,"Chhattisgarh, DKBSSY, Dr Khubchand Baghel, Ayushman Bharat, health assistance, CG health card, cashless treatment",Chhattisgarh; DKBSSY; Dr Khubchand Baghel; Ayushman Bharat; health assistance; CG health card; cashless treatment; Ayushman Bharat PM-JAY – Dr. Khubchand Baghel Swasthya Sahayata Yojana health insurance; government health scheme Chhattisgarh,scheme_discovery; eligibility; benefits; documents; claims,,,needs_verification,,,Seed metadata. Verify against the latest official government source before production eligibility decisions.,"Scheme: Ayushman Bharat PM-JAY – Dr. Khubchand Baghel Swasthya Sahayata Yojana
Region: Chhattisgarh
Category: state
Description: Integrated government health assurance programme in Chhattisgarh providing cashless treatment packages through the state/PM-JAY network.
Eligibility: Eligibility follows the applicable Chhattisgarh beneficiary categories and PM-JAY/state scheme rules; beneficiary verification is required.
Keywords: Chhattisgarh, DKBSSY, Dr Khubchand Baghel, Ayushman Bharat, health assistance, CG health card, cashless treatment
Search aliases: Chhattisgarh; DKBSSY; Dr Khubchand Baghel; Ayushman Bharat; health assistance; CG health card; cashless treatment; Ayushman Bharat PM-JAY – Dr. Khubchand Baghel Swasthya Sahayata Yojana health insurance; government health scheme Chhattisgarh"
goa-mediclaim-scheme-deen-dayal-swasthya-seva-yojana,state,Goa,Goa Mediclaim Scheme / Deen Dayal Swasthya Seva Yojana,"Government-supported health protection for eligible Goa residents, including hospitalization-related assistance under the applicable state programme.",Eligibility depends on Goa residency and the current notified household/category criteria of the state health scheme.,"Goa Mediclaim, Deen Dayal Swasthya Seva Yojana, DSSY, Goa health insurance, Goa resident, cashless treatment",Goa Mediclaim; Deen Dayal Swasthya Seva Yojana; DSSY; Goa health insurance; Goa resident; cashless treatment; Goa Mediclaim Scheme / Deen Dayal Swasthya Seva Yojana health insurance; government health scheme Goa,scheme_discovery; eligibility; benefits; claims,,,needs_verification,,,Seed metadata. Verify against the latest official government source before production eligibility decisions.,"Scheme: Goa Mediclaim Scheme / Deen Dayal Swasthya Seva Yojana
Region: Goa
Category: state
Description: Government-supported health protection for eligible Goa residents, including hospitalization-related assistance under the applicable state programme.
Eligibility: Eligibility depends on Goa residency and the current notified household/category criteria of the state health scheme.
Keywords: Goa Mediclaim, Deen Dayal Swasthya Seva Yojana, DSSY, Goa health insurance, Goa resident, cashless treatment
Search aliases: Goa Mediclaim; Deen Dayal Swasthya Seva Yojana; DSSY; Goa health insurance; Goa resident; cashless treatment; Goa Mediclaim Scheme / Deen Dayal Swasthya Seva Yojana health insurance; government health scheme Goa"
mukhyamantri-amrutam-ma-yojana-gujarat,state,Gujarat,Mukhyamantri Amrutam (MA) Yojana – Gujarat,"Government health assurance programme for eligible economically vulnerable families, providing cashless treatment for specified procedures.",Eligibility is based on current Gujarat government beneficiary categories and household/economic criteria; verify with the state beneficiary system.,"Gujarat, MA Yojana, Mukhyamantri Amrutam, MA Vatsalya, health card, cashless hospitalization, Gujarat health insurance",Gujarat; MA Yojana; Mukhyamantri Amrutam; MA Vatsalya; health card; cashless hospitalization; Gujarat health insurance; Mukhyamantri Amrutam (MA) Yojana – Gujarat health insurance; government health scheme Gujarat,scheme_discovery; eligibility; benefits; documents; claims,,,needs_verification,,,Seed metadata. Verify against the latest official government source before production eligibility decisions.,"Scheme: Mukhyamantri Amrutam (MA) Yojana – Gujarat
Region: Gujarat
Category: state
Description: Government health assurance programme for eligible economically vulnerable families, providing cashless treatment for specified procedures.
Eligibility: Eligibility is based on current Gujarat government beneficiary categories and household/economic criteria; verify with the state beneficiary system.
Keywords: Gujarat, MA Yojana, Mukhyamantri Amrutam, MA Vatsalya, health card, cashless hospitalization, Gujarat health insurance
Search aliases: Gujarat; MA Yojana; Mukhyamantri Amrutam; MA Vatsalya; health card; cashless hospitalization; Gujarat health insurance; Mukhyamantri Amrutam (MA) Yojana – Gujarat health insurance; government health scheme Gujarat"
ayushman-bharat-haryana-health-protection-mission,state,Haryana,Ayushman Bharat Haryana Health Protection Mission,"Haryana government implementation of government-funded health assurance for eligible families, integrated with PM-JAY and state-specific beneficiary categories.",Eligibility follows PM-JAY/state beneficiary lists and Haryana's notified categories and rules.,"Haryana, AB-HHP, Haryana Health Protection Mission, Ayushman Haryana, PMJAY Haryana, health card, cashless treatment",Haryana; AB-HHP; Haryana Health Protection Mission; Ayushman Haryana; PMJAY Haryana; health card; cashless treatment; Ayushman Bharat Haryana Health Protection Mission health insurance; government health scheme Haryana,scheme_discovery; eligibility; benefits; documents; claims,,,needs_verification,,,Seed metadata. Verify against the latest official government source before production eligibility decisions.,"Scheme: Ayushman Bharat Haryana Health Protection Mission
Region: Haryana
Category: state
Description: Haryana government implementation of government-funded health assurance for eligible families, integrated with PM-JAY and state-specific beneficiary categories.
Eligibility: Eligibility follows PM-JAY/state beneficiary lists and Haryana's notified categories and rules.
Keywords: Haryana, AB-HHP, Haryana Health Protection Mission, Ayushman Haryana, PMJAY Haryana, health card, cashless treatment
Search aliases: Haryana; AB-HHP; Haryana Health Protection Mission; Ayushman Haryana; PMJAY Haryana; health card; cashless treatment; Ayushman Bharat Haryana Health Protection Mission health insurance; government health scheme Haryana"
himachal-pradesh-mukhyamantri-sahayaata-kosh-himcare,state,Himachal Pradesh,Himachal Pradesh Mukhyamantri Sahayaata Kosh / Himcare,Himachal Pradesh government health protection programme(s) supporting eligible residents with hospitalization coverage under current state rules.,"Eligibility depends on the current Himachal Pradesh scheme, beneficiary category and enrolment rules; verify whether the applicant is covered under HIMCARE or another state/PM-JAY pathway.","Himachal Pradesh, HIMCARE, Him Care, health insurance HP, Mukhyamantri health scheme, cashless treatment, HP health card",Himachal Pradesh; HIMCARE; Him Care; health insurance HP; Mukhyamantri health scheme; cashless treatment; HP health card; Himachal Pradesh Mukhyamantri Sahayaata Kosh / Himcare health insurance; government health scheme Himachal Pradesh,scheme_discovery; eligibility; benefits; documents; application; claims,,,needs_verification,,,Seed metadata. Verify against the latest official government source before production eligibility decisions.,"Scheme: Himachal Pradesh Mukhyamantri Sahayaata Kosh / Himcare
Region: Himachal Pradesh
Category: state
Description: Himachal Pradesh government health protection programme(s) supporting eligible residents with hospitalization coverage under current state rules.
Eligibility: Eligibility depends on the current Himachal Pradesh scheme, beneficiary category and enrolment rules; verify whether the applicant is covered under HIMCARE or another state/PM-JAY pathway.
Keywords: Himachal Pradesh, HIMCARE, Him Care, health insurance HP, Mukhyamantri health scheme, cashless treatment, HP health card
Search aliases: Himachal Pradesh; HIMCARE; Him Care; health insurance HP; Mukhyamantri health scheme; cashless treatment; HP health card; Himachal Pradesh Mukhyamantri Sahayaata Kosh / Himcare health insurance; government health scheme Himachal Pradesh"
mukhyamantri-swasthya-bima-yojana-jharkhand,state,Jharkhand,Mukhyamantri Swasthya Bima Yojana – Jharkhand,Government health assurance programme for eligible Jharkhand households for specified hospitalization services.,Eligibility depends on current Jharkhand beneficiary categories and government health assurance rules.,"Jharkhand, Mukhyamantri Swasthya Bima Yojana, MSBY, Jharkhand health insurance, cashless treatment, health card",Jharkhand; Mukhyamantri Swasthya Bima Yojana; MSBY; Jharkhand health insurance; cashless treatment; health card; Mukhyamantri Swasthya Bima Yojana – Jharkhand health insurance; government health scheme Jharkhand,scheme_discovery; eligibility; benefits; documents; claims,,,needs_verification,,,Seed metadata. Verify against the latest official government source before production eligibility decisions.,"Scheme: Mukhyamantri Swasthya Bima Yojana – Jharkhand
Region: Jharkhand
Category: state
Description: Government health assurance programme for eligible Jharkhand households for specified hospitalization services.
Eligibility: Eligibility depends on current Jharkhand beneficiary categories and government health assurance rules.
Keywords: Jharkhand, Mukhyamantri Swasthya Bima Yojana, MSBY, Jharkhand health insurance, cashless treatment, health card
Search aliases: Jharkhand; Mukhyamantri Swasthya Bima Yojana; MSBY; Jharkhand health insurance; cashless treatment; health card; Mukhyamantri Swasthya Bima Yojana – Jharkhand health insurance; government health scheme Jharkhand"
ayushman-bharat-arogya-karnataka-ab-ark,state,Karnataka,Ayushman Bharat – Arogya Karnataka (AB-ArK),Integrated Karnataka government health assurance system combining state health protection with PM-JAY for eligible beneficiaries.,Eligibility depends on Karnataka's current beneficiary classification and PM-JAY/state rules; resident and category documentation may be required.,"Karnataka, Arogya Karnataka, AB-ArK, Ayushman Karnataka, health card, Suvarna Arogya Suraksha Trust, cashless treatment",Karnataka; Arogya Karnataka; AB-ArK; Ayushman Karnataka; health card; Suvarna Arogya Suraksha Trust; cashless treatment; Ayushman Bharat – Arogya Karnataka (AB-ArK) health insurance; government health scheme Karnataka,scheme_discovery; eligibility; benefits; documents; claims,,,needs_verification,,,Seed metadata. Verify against the latest official government source before production eligibility decisions.,"Scheme: Ayushman Bharat – Arogya Karnataka (AB-ArK)
Region: Karnataka
Category: state
Description: Integrated Karnataka government health assurance system combining state health protection with PM-JAY for eligible beneficiaries.
Eligibility: Eligibility depends on Karnataka's current beneficiary classification and PM-JAY/state rules; resident and category documentation may be required.
Keywords: Karnataka, Arogya Karnataka, AB-ArK, Ayushman Karnataka, health card, Suvarna Arogya Suraksha Trust, cashless treatment
Search aliases: Karnataka; Arogya Karnataka; AB-ArK; Ayushman Karnataka; health card; Suvarna Arogya Suraksha Trust; cashless treatment; Ayushman Bharat – Arogya Karnataka (AB-ArK) health insurance; government health scheme Karnataka"
karnataka-arogya-sanjeevini-scheme-kass,state,Karnataka,Karnataka Arogya Sanjeevini Scheme (KASS),Government health scheme for eligible Karnataka government employees and related beneficiaries under the state employee health framework.,Eligible Karnataka government employees and specified dependants/pensioner categories as notified under KASS rules.,"KASS, Karnataka Arogya Sanjeevini, Karnataka government employee, employee health scheme, state employee medical, government staff",KASS; Karnataka Arogya Sanjeevini; Karnataka government employee; employee health scheme; state employee medical; government staff; Karnataka Arogya Sanjeevini Scheme (KASS) health insurance; government health scheme Karnataka,scheme_discovery; eligibility; benefits; employee_or_pensioner,,,needs_verification,,,Seed metadata. Verify against the latest official government source before production eligibility decisions.,"Scheme: Karnataka Arogya Sanjeevini Scheme (KASS)
Region: Karnataka
Category: state
Description: Government health scheme for eligible Karnataka government employees and related beneficiaries under the state employee health framework.
Eligibility: Eligible Karnataka government employees and specified dependants/pensioner categories as notified under KASS rules.
Keywords: KASS, Karnataka Arogya Sanjeevini, Karnataka government employee, employee health scheme, state employee medical, government staff
Search aliases: KASS; Karnataka Arogya Sanjeevini; Karnataka government employee; employee health scheme; state employee medical; government staff; Karnataka Arogya Sanjeevini Scheme (KASS) health insurance; government health scheme Karnataka"
karunya-arogya-suraksha-padhathi-kasp,state,Kerala,Karunya Arogya Suraksha Padhathi (KASP),"Kerala's government-funded health protection programme aligned with PM-JAY, providing cashless hospitalization for eligible beneficiaries.",Eligibility follows the current Kerala beneficiary database and PM-JAY/KASP criteria.,"Kerala, KASP, Karunya Arogya Suraksha Padhathi, PMJAY Kerala, Ayushman Kerala, health card, cashless treatment",Kerala; KASP; Karunya Arogya Suraksha Padhathi; PMJAY Kerala; Ayushman Kerala; health card; cashless treatment; Karunya Arogya Suraksha Padhathi (KASP) health insurance; government health scheme Kerala,scheme_discovery; eligibility; benefits; documents; claims,,,needs_verification,,,Seed metadata. Verify against the latest official government source before production eligibility decisions.,"Scheme: Karunya Arogya Suraksha Padhathi (KASP)
Region: Kerala
Category: state
Description: Kerala's government-funded health protection programme aligned with PM-JAY, providing cashless hospitalization for eligible beneficiaries.
Eligibility: Eligibility follows the current Kerala beneficiary database and PM-JAY/KASP criteria.
Keywords: Kerala, KASP, Karunya Arogya Suraksha Padhathi, PMJAY Kerala, Ayushman Kerala, health card, cashless treatment
Search aliases: Kerala; KASP; Karunya Arogya Suraksha Padhathi; PMJAY Kerala; Ayushman Kerala; health card; cashless treatment; Karunya Arogya Suraksha Padhathi (KASP) health insurance; government health scheme Kerala"
karunya-benevolent-fund-kbf,state,Kerala,Karunya Benevolent Fund (KBF),Financial assistance programme supporting eligible patients with specified serious diseases and treatment expenses.,Eligibility is based on Kerala residency and current income/medical/category requirements prescribed for the programme.,"Kerala, Karunya Benevolent Fund, KBF, cancer assistance, kidney disease, heart disease, medical financial aid",Kerala; Karunya Benevolent Fund; KBF; cancer assistance; kidney disease; heart disease; medical financial aid; Karunya Benevolent Fund (KBF) health insurance; government health scheme Kerala,scheme_discovery; eligibility; benefits,,,needs_verification,,,Seed metadata. Verify against the latest official government source before production eligibility decisions.,"Scheme: Karunya Benevolent Fund (KBF)
Region: Kerala
Category: state
Description: Financial assistance programme supporting eligible patients with specified serious diseases and treatment expenses.
Eligibility: Eligibility is based on Kerala residency and current income/medical/category requirements prescribed for the programme.
Keywords: Kerala, Karunya Benevolent Fund, KBF, cancer assistance, kidney disease, heart disease, medical financial aid
Search aliases: Kerala; Karunya Benevolent Fund; KBF; cancer assistance; kidney disease; heart disease; medical financial aid; Karunya Benevolent Fund (KBF) health insurance; government health scheme Kerala"
ayushman-bharat-niramayam-madhya-pradesh,state,Madhya Pradesh,Ayushman Bharat 'Niramayam' – Madhya Pradesh,Government health assurance programme providing cashless hospitalization for eligible Madhya Pradesh beneficiaries under PM-JAY/state rules.,Eligibility is based on the current PM-JAY/state beneficiary database and notified categories.,"Madhya Pradesh, Niramayam, Ayushman MP, PMJAY MP, health card, cashless treatment, MP health insurance",Madhya Pradesh; Niramayam; Ayushman MP; PMJAY MP; health card; cashless treatment; MP health insurance; Ayushman Bharat 'Niramayam' – Madhya Pradesh health insurance; government health scheme Madhya Pradesh,scheme_discovery; eligibility; benefits; documents; claims,,,needs_verification,,,Seed metadata. Verify against the latest official government source before production eligibility decisions.,"Scheme: Ayushman Bharat 'Niramayam' – Madhya Pradesh
Region: Madhya Pradesh
Category: state
Description: Government health assurance programme providing cashless hospitalization for eligible Madhya Pradesh beneficiaries under PM-JAY/state rules.
Eligibility: Eligibility is based on the current PM-JAY/state beneficiary database and notified categories.
Keywords: Madhya Pradesh, Niramayam, Ayushman MP, PMJAY MP, health card, cashless treatment, MP health insurance
Search aliases: Madhya Pradesh; Niramayam; Ayushman MP; PMJAY MP; health card; cashless treatment; MP health insurance; Ayushman Bharat 'Niramayam' – Madhya Pradesh health insurance; government health scheme Madhya Pradesh"
mahatma-jyotiba-phule-jan-arogya-yojana-mjpjay,state,Maharashtra,Mahatma Jyotiba Phule Jan Arogya Yojana (MJPJAY),Maharashtra government health assurance programme providing cashless treatment for specified procedures to eligible beneficiaries.,"Eligibility depends on Maharashtra's current beneficiary categories, residence and identity/ration-card or other notified documentation.","Maharashtra, MJPJAY, Mahatma Jyotiba Phule Jan Arogya Yojana, Rajiv Gandhi Jeevandayee, health card, cashless, Maharashtra health insurance",Maharashtra; MJPJAY; Mahatma Jyotiba Phule Jan Arogya Yojana; Rajiv Gandhi Jeevandayee; health card; cashless; Maharashtra health insurance; Mahatma Jyotiba Phule Jan Arogya Yojana (MJPJAY) health insurance; government health scheme Maharashtra,scheme_discovery; eligibility; benefits; documents; claims,,,needs_verification,,,Seed metadata. Verify against the latest official government source before production eligibility decisions.,"Scheme: Mahatma Jyotiba Phule Jan Arogya Yojana (MJPJAY)
Region: Maharashtra
Category: state
Description: Maharashtra government health assurance programme providing cashless treatment for specified procedures to eligible beneficiaries.
Eligibility: Eligibility depends on Maharashtra's current beneficiary categories, residence and identity/ration-card or other notified documentation.
Keywords: Maharashtra, MJPJAY, Mahatma Jyotiba Phule Jan Arogya Yojana, Rajiv Gandhi Jeevandayee, health card, cashless, Maharashtra health insurance
Search aliases: Maharashtra; MJPJAY; Mahatma Jyotiba Phule Jan Arogya Yojana; Rajiv Gandhi Jeevandayee; health card; cashless; Maharashtra health insurance; Mahatma Jyotiba Phule Jan Arogya Yojana (MJPJAY) health insurance; government health scheme Maharashtra"
pmjay-mjpjay-integrated-scheme-maharashtra,state,Maharashtra,PMJAY–MJPJAY Integrated Scheme – Maharashtra,Integrated government health assurance arrangement combining PM-JAY and Maharashtra's state health assurance programme.,Eligibility follows the applicable PM-JAY and Maharashtra beneficiary rules; some categories are covered through state-specific pathways.,"Maharashtra PMJAY, MJPJAY, Ayushman Bharat Maharashtra, integrated health scheme, cashless hospitalization",Maharashtra PMJAY; MJPJAY; Ayushman Bharat Maharashtra; integrated health scheme; cashless hospitalization; PMJAY–MJPJAY Integrated Scheme – Maharashtra health insurance; government health scheme Maharashtra,scheme_discovery; eligibility; benefits; claims,,,needs_verification,,,Seed metadata. Verify against the latest official government source before production eligibility decisions.,"Scheme: PMJAY–MJPJAY Integrated Scheme – Maharashtra
Region: Maharashtra
Category: state
Description: Integrated government health assurance arrangement combining PM-JAY and Maharashtra's state health assurance programme.
Eligibility: Eligibility follows the applicable PM-JAY and Maharashtra beneficiary rules; some categories are covered through state-specific pathways.
Keywords: Maharashtra PMJAY, MJPJAY, Ayushman Bharat Maharashtra, integrated health scheme, cashless hospitalization
Search aliases: Maharashtra PMJAY; MJPJAY; Ayushman Bharat Maharashtra; integrated health scheme; cashless hospitalization; PMJAY–MJPJAY Integrated Scheme – Maharashtra health insurance; government health scheme Maharashtra"
megha-health-insurance-scheme-mhis,state,Meghalaya,Megha Health Insurance Scheme (MHIS),Meghalaya government health insurance programme supporting eligible residents for hospitalization and specified treatments.,Eligibility is based on Meghalaya residency and current scheme enrolment/beneficiary rules.,"Meghalaya, MHIS, Megha Health Insurance Scheme, Meghalaya health card, cashless treatment, state health insurance",Meghalaya; MHIS; Megha Health Insurance Scheme; Meghalaya health card; cashless treatment; state health insurance; government health scheme Meghalaya,scheme_discovery; eligibility; benefits; documents; application; claims,,,needs_verification,,,Seed metadata. Verify against the latest official government source before production eligibility decisions.,"Scheme: Megha Health Insurance Scheme (MHIS)
Region: Meghalaya
Category: state
Description: Meghalaya government health insurance programme supporting eligible residents for hospitalization and specified treatments.
Eligibility: Eligibility is based on Meghalaya residency and current scheme enrolment/beneficiary rules.
Keywords: Meghalaya, MHIS, Megha Health Insurance Scheme, Meghalaya health card, cashless treatment, state health insurance
Search aliases: Meghalaya; MHIS; Megha Health Insurance Scheme; Meghalaya health card; cashless treatment; state health insurance; government health scheme Meghalaya"
mizoram-state-health-care-scheme-mshcs,state,Mizoram,Mizoram State Health Care Scheme (MSHCS),Government health protection scheme for eligible Mizoram residents and notified beneficiary groups.,"Eligibility depends on Mizoram residency, enrolment and current state rules for covered beneficiaries.","Mizoram, MSHCS, Mizoram State Health Care Scheme, Mizoram health insurance, state medical scheme, cashless",Mizoram; MSHCS; Mizoram State Health Care Scheme; Mizoram health insurance; state medical scheme; cashless; Mizoram State Health Care Scheme (MSHCS) health insurance; government health scheme Mizoram,scheme_discovery; eligibility; benefits; documents; application; claims,,,needs_verification,,,Seed metadata. Verify against the latest official government source before production eligibility decisions.,"Scheme: Mizoram State Health Care Scheme (MSHCS)
Region: Mizoram
Category: state
Description: Government health protection scheme for eligible Mizoram residents and notified beneficiary groups.
Eligibility: Eligibility depends on Mizoram residency, enrolment and current state rules for covered beneficiaries.
Keywords: Mizoram, MSHCS, Mizoram State Health Care Scheme, Mizoram health insurance, state medical scheme, cashless
Search aliases: Mizoram; MSHCS; Mizoram State Health Care Scheme; Mizoram health insurance; state medical scheme; cashless; Mizoram State Health Care Scheme (MSHCS) health insurance; government health scheme Mizoram"
chief-minister-s-health-insurance-scheme-cmhis-nagaland,state,Nagaland,Chief Minister's Health Insurance Scheme (CMHIS) – Nagaland,"Government health insurance programme for eligible Nagaland residents, with coverage pathways for general beneficiaries and government employees under current rules.","Eligibility depends on the beneficiary category, Nagaland residency and current CMHIS enrolment rules.","Nagaland, CMHIS, Chief Minister Health Insurance Scheme, Nagaland health insurance, health card, cashless treatment",Nagaland; CMHIS; Chief Minister Health Insurance Scheme; Nagaland health insurance; health card; cashless treatment; government health scheme Nagaland,scheme_discovery; eligibility; benefits; documents; application; claims; employee_or_pensioner,,,needs_verification,,,Seed metadata. Verify against the latest official government source before production eligibility decisions.,"Scheme: Chief Minister's Health Insurance Scheme (CMHIS) – Nagaland
Region: Nagaland
Category: state
Description: Government health insurance programme for eligible Nagaland residents, with coverage pathways for general beneficiaries and government employees under current rules.
Eligibility: Eligibility depends on the beneficiary category, Nagaland residency and current CMHIS enrolment rules.
Keywords: Nagaland, CMHIS, Chief Minister Health Insurance Scheme, Nagaland health insurance, health card, cashless treatment
Search aliases: Nagaland; CMHIS; Chief Minister Health Insurance Scheme; Nagaland health insurance; health card; cashless treatment; government health scheme Nagaland"
biju-swasthya-kalyan-yojana-bsky,state,Odisha,Biju Swasthya Kalyan Yojana (BSKY),Odisha government health assurance programme providing cashless treatment and health protection for eligible residents through public and empanelled private facilities.,Eligibility depends on Odisha's current beneficiary identification and state scheme rules; categories and implementation may change over time.,"Odisha, BSKY, Biju Swasthya Kalyan Yojana, Odisha health card, cashless treatment, health insurance, BSKY Nabin",Odisha; BSKY; Biju Swasthya Kalyan Yojana; Odisha health card; cashless treatment; health insurance; BSKY Nabin; Biju Swasthya Kalyan Yojana (BSKY) health insurance; government health scheme Odisha,scheme_discovery; eligibility; benefits; documents; claims,,,needs_verification,,,Seed metadata. Verify against the latest official government source before production eligibility decisions.,"Scheme: Biju Swasthya Kalyan Yojana (BSKY)
Region: Odisha
Category: state
Description: Odisha government health assurance programme providing cashless treatment and health protection for eligible residents through public and empanelled private facilities.
Eligibility: Eligibility depends on Odisha's current beneficiary identification and state scheme rules; categories and implementation may change over time.
Keywords: Odisha, BSKY, Biju Swasthya Kalyan Yojana, Odisha health card, cashless treatment, health insurance, BSKY Nabin
Search aliases: Odisha; BSKY; Biju Swasthya Kalyan Yojana; Odisha health card; cashless treatment; health insurance; BSKY Nabin; Biju Swasthya Kalyan Yojana (BSKY) health insurance; government health scheme Odisha"
puducherry-government-health-insurance-community-health-insurance-pathway,state,Puducherry,Puducherry Government Health Insurance / Community Health Insurance pathway,Government-supported health protection arrangements for eligible Puducherry residents under applicable health assurance programmes.,Eligibility depends on the current Puducherry government scheme and beneficiary category; verify with the current state/UT health authority.,"Puducherry, Puducherry health insurance, community health insurance, UT health scheme, cashless hospitalization",Puducherry; Puducherry health insurance; community health insurance; UT health scheme; cashless hospitalization; government health scheme Puducherry,scheme_discovery; eligibility; benefits; claims,,,needs_verification,,,Seed metadata. Verify against the latest official government source before production eligibility decisions.,"Scheme: Puducherry Government Health Insurance / Community Health Insurance pathway
Region: Puducherry
Category: state
Description: Government-supported health protection arrangements for eligible Puducherry residents under applicable health assurance programmes.
Eligibility: Eligibility depends on the current Puducherry government scheme and beneficiary category; verify with the current state/UT health authority.
Keywords: Puducherry, Puducherry health insurance, community health insurance, UT health scheme, cashless hospitalization
Search aliases: Puducherry; Puducherry health insurance; community health insurance; UT health scheme; cashless hospitalization; government health scheme Puducherry"
ayushman-bharat-pm-jay-sehat-punjab,state,Punjab,Ayushman Bharat PM-JAY – SEHAT Punjab,Punjab government health assurance programme integrated with PM-JAY for eligible residents and notified beneficiary categories.,Eligibility follows the current Punjab beneficiary database and PM-JAY/state rules.,"Punjab, PMJAY SEHAT, Ayushman Bharat Punjab, SEHAT, health card, Punjab health insurance, cashless treatment",Punjab; PMJAY SEHAT; Ayushman Bharat Punjab; SEHAT; health card; Punjab health insurance; cashless treatment; Ayushman Bharat PM-JAY – SEHAT Punjab health insurance; government health scheme Punjab,scheme_discovery; eligibility; benefits; documents; claims,,,needs_verification,,,Seed metadata. Verify against the latest official government source before production eligibility decisions.,"Scheme: Ayushman Bharat PM-JAY – SEHAT Punjab
Region: Punjab
Category: state
Description: Punjab government health assurance programme integrated with PM-JAY for eligible residents and notified beneficiary categories.
Eligibility: Eligibility follows the current Punjab beneficiary database and PM-JAY/state rules.
Keywords: Punjab, PMJAY SEHAT, Ayushman Bharat Punjab, SEHAT, health card, Punjab health insurance, cashless treatment
Search aliases: Punjab; PMJAY SEHAT; Ayushman Bharat Punjab; SEHAT; health card; Punjab health insurance; cashless treatment; Ayushman Bharat PM-JAY – SEHAT Punjab health insurance; government health scheme Punjab"
mukhyamantri-ayushman-arogya-yojana-rajasthan,state,Rajasthan,Mukhyamantri Ayushman Arogya Yojana – Rajasthan,Rajasthan government health assurance programme providing cashless treatment for eligible residents under the current state health protection framework.,"Eligibility depends on Rajasthan's current notified beneficiary categories, registration/enrolment and applicable state rules.","Rajasthan, Mukhyamantri Ayushman Arogya Yojana, MAAY, Chiranjeevi, Chiranjeevi Swasthya Bima, Rajasthan health insurance, cashless",Rajasthan; Mukhyamantri Ayushman Arogya Yojana; MAAY; Chiranjeevi; Chiranjeevi Swasthya Bima; Rajasthan health insurance; cashless; Mukhyamantri Ayushman Arogya Yojana – Rajasthan health insurance; government health scheme Rajasthan,scheme_discovery; eligibility; benefits; documents; application; claims,,,needs_verification,,,Seed metadata. Verify against the latest official government source before production eligibility decisions.,"Scheme: Mukhyamantri Ayushman Arogya Yojana – Rajasthan
Region: Rajasthan
Category: state
Description: Rajasthan government health assurance programme providing cashless treatment for eligible residents under the current state health protection framework.
Eligibility: Eligibility depends on Rajasthan's current notified beneficiary categories, registration/enrolment and applicable state rules.
Keywords: Rajasthan, Mukhyamantri Ayushman Arogya Yojana, MAAY, Chiranjeevi, Chiranjeevi Swasthya Bima, Rajasthan health insurance, cashless
Search aliases: Rajasthan; Mukhyamantri Ayushman Arogya Yojana; MAAY; Chiranjeevi; Chiranjeevi Swasthya Bima; Rajasthan health insurance; cashless; Mukhyamantri Ayushman Arogya Yojana – Rajasthan health insurance; government health scheme Rajasthan"
chief-minister-s-comprehensive-health-insurance-scheme-cmchis,state,Tamil Nadu,Chief Minister's Comprehensive Health Insurance Scheme (CMCHIS),Tamil Nadu government health insurance programme providing cashless hospitalization for eligible families through empanelled hospitals and specified treatment packages.,Eligibility is based on current Tamil Nadu residence and the currently notified household/income or beneficiary conditions; exact criteria must be verified against the latest CMCHIS rules.,"Tamil Nadu, CMCHIS, Chief Minister Comprehensive Health Insurance Scheme, Kalaignar health insurance, TN health insurance, health card, cashless, empanelled hospital",Tamil Nadu; CMCHIS; Chief Minister Comprehensive Health Insurance Scheme; Kalaignar health insurance; TN health insurance; health card; cashless; empanelled hospital; government health scheme Tamil Nadu,scheme_discovery; eligibility; benefits; documents; claims,,,needs_verification,,,Seed metadata. Verify against the latest official government source before production eligibility decisions.,"Scheme: Chief Minister's Comprehensive Health Insurance Scheme (CMCHIS)
Region: Tamil Nadu
Category: state
Description: Tamil Nadu government health insurance programme providing cashless hospitalization for eligible families through empanelled hospitals and specified treatment packages.
Eligibility: Eligibility is based on current Tamil Nadu residence and the currently notified household/income or beneficiary conditions; exact criteria must be verified against the latest CMCHIS rules.
Keywords: Tamil Nadu, CMCHIS, Chief Minister Comprehensive Health Insurance Scheme, Kalaignar health insurance, TN health insurance, health card, cashless, empanelled hospital
Search aliases: Tamil Nadu; CMCHIS; Chief Minister Comprehensive Health Insurance Scheme; Kalaignar health insurance; TN health insurance; health card; cashless; empanelled hospital; government health scheme Tamil Nadu"
pmjay-cmchis-tamil-nadu,state,Tamil Nadu,PMJAY–CMCHIS (Tamil Nadu),"Integrated PM-JAY and Tamil Nadu CMCHIS health assurance arrangement for eligible beneficiaries, using a common government-funded hospitalization framework.",Eligibility depends on the applicable PM-JAY/CMCHIS beneficiary category and current Tamil Nadu implementation rules.,"PMJAY CMCHIS, Tamil Nadu PMJAY, CMCHIS, Ayushman Tamil Nadu, health insurance TN, cashless hospitalization",PMJAY CMCHIS; Tamil Nadu PMJAY; CMCHIS; Ayushman Tamil Nadu; health insurance TN; cashless hospitalization; PMJAY–CMCHIS (Tamil Nadu) health insurance; government health scheme Tamil Nadu,scheme_discovery; eligibility; benefits; claims,,,needs_verification,,,Seed metadata. Verify against the latest official government source before production eligibility decisions.,"Scheme: PMJAY–CMCHIS (Tamil Nadu)
Region: Tamil Nadu
Category: state
Description: Integrated PM-JAY and Tamil Nadu CMCHIS health assurance arrangement for eligible beneficiaries, using a common government-funded hospitalization framework.
Eligibility: Eligibility depends on the applicable PM-JAY/CMCHIS beneficiary category and current Tamil Nadu implementation rules.
Keywords: PMJAY CMCHIS, Tamil Nadu PMJAY, CMCHIS, Ayushman Tamil Nadu, health insurance TN, cashless hospitalization
Search aliases: PMJAY CMCHIS; Tamil Nadu PMJAY; CMCHIS; Ayushman Tamil Nadu; health insurance TN; cashless hospitalization; PMJAY–CMCHIS (Tamil Nadu) health insurance; government health scheme Tamil Nadu"
new-health-insurance-scheme-for-tamil-nadu-government-employees,state,Tamil Nadu,New Health Insurance Scheme for Tamil Nadu Government Employees,State employee health insurance programme providing health treatment coverage to eligible Tamil Nadu government employees and their family members.,Eligible serving Tamil Nadu government employees and covered family members subject to the current NHIS employee rules and enrolment conditions.,"Tamil Nadu NHIS, New Health Insurance Scheme, TN government employee, employee health insurance, state employee medical, family coverage",Tamil Nadu NHIS; New Health Insurance Scheme; TN government employee; employee health insurance; state employee medical; family coverage; government health scheme Tamil Nadu,scheme_discovery; eligibility; benefits; documents; application; employee_or_pensioner,,,needs_verification,,,Seed metadata. Verify against the latest official government source before production eligibility decisions.,"Scheme: New Health Insurance Scheme for Tamil Nadu Government Employees
Region: Tamil Nadu
Category: state
Description: State employee health insurance programme providing health treatment coverage to eligible Tamil Nadu government employees and their family members.
Eligibility: Eligible serving Tamil Nadu government employees and covered family members subject to the current NHIS employee rules and enrolment conditions.
Keywords: Tamil Nadu NHIS, New Health Insurance Scheme, TN government employee, employee health insurance, state employee medical, family coverage
Search aliases: Tamil Nadu NHIS; New Health Insurance Scheme; TN government employee; employee health insurance; state employee medical; family coverage; government health scheme Tamil Nadu"
new-health-insurance-scheme-for-pensioners-family-pensioners-tamil-nadu,state,Tamil Nadu,New Health Insurance Scheme for Pensioners / Family Pensioners – Tamil Nadu,Health insurance programme for eligible Tamil Nadu government pensioners and family pensioners and their covered dependants.,Eligible Tamil Nadu government pensioners/family pensioners and covered family members under the current pensioner NHIS rules.,"TN pensioner health insurance, NHIS pensioners, family pensioner, Tamil Nadu government pensioner, retiree health scheme",TN pensioner health insurance; NHIS pensioners; family pensioner; Tamil Nadu government pensioner; retiree health scheme; government health scheme Tamil Nadu,scheme_discovery; eligibility; benefits; employee_or_pensioner,,,needs_verification,,,Seed metadata. Verify against the latest official government source before production eligibility decisions.,"Scheme: New Health Insurance Scheme for Pensioners / Family Pensioners – Tamil Nadu
Region: Tamil Nadu
Category: state
Description: Health insurance programme for eligible Tamil Nadu government pensioners and family pensioners and their covered dependants.
Eligibility: Eligible Tamil Nadu government pensioners/family pensioners and covered family members under the current pensioner NHIS rules.
Keywords: TN pensioner health insurance, NHIS pensioners, family pensioner, Tamil Nadu government pensioner, retiree health scheme
Search aliases: TN pensioner health insurance; NHIS pensioners; family pensioner; Tamil Nadu government pensioner; retiree health scheme; government health scheme Tamil Nadu"
ayushman-bharat-pm-jay-and-mukhyamantri-jan-arogya-abhiyan-mmjaa-uttar-pradesh,state,Uttar Pradesh,Ayushman Bharat PM-JAY and Mukhyamantri Jan Arogya Abhiyan (MMJAA) – Uttar Pradesh,Integrated government health assurance arrangement covering eligible Uttar Pradesh beneficiaries under PM-JAY and the state expansion pathway.,Eligibility follows the current UP beneficiary database and notified PM-JAY/MMJAA categories.,"Uttar Pradesh, PMJAY UP, MMJAA, Mukhyamantri Jan Arogya Abhiyan, Ayushman UP, health card, cashless treatment",Uttar Pradesh; PMJAY UP; MMJAA; Mukhyamantri Jan Arogya Abhiyan; Ayushman UP; health card; cashless treatment; Ayushman Bharat PM-JAY and Mukhyamantri Jan Arogya Abhiyan (MMJAA) – Uttar Pradesh health insurance; government health scheme Uttar Pradesh,scheme_discovery; eligibility; benefits; documents; claims,,,needs_verification,,,Seed metadata. Verify against the latest official government source before production eligibility decisions.,"Scheme: Ayushman Bharat PM-JAY and Mukhyamantri Jan Arogya Abhiyan (MMJAA) – Uttar Pradesh
Region: Uttar Pradesh
Category: state
Description: Integrated government health assurance arrangement covering eligible Uttar Pradesh beneficiaries under PM-JAY and the state expansion pathway.
Eligibility: Eligibility follows the current UP beneficiary database and notified PM-JAY/MMJAA categories.
Keywords: Uttar Pradesh, PMJAY UP, MMJAA, Mukhyamantri Jan Arogya Abhiyan, Ayushman UP, health card, cashless treatment
Search aliases: Uttar Pradesh; PMJAY UP; MMJAA; Mukhyamantri Jan Arogya Abhiyan; Ayushman UP; health card; cashless treatment; Ayushman Bharat PM-JAY and Mukhyamantri Jan Arogya Abhiyan (MMJAA) – Uttar Pradesh health insurance; government health scheme Uttar Pradesh"
state-government-health-scheme-sghs-uttarakhand,state,Uttarakhand,State Government Health Scheme (SGHS) – Uttarakhand,"Cashless government health scheme for eligible Uttarakhand state government employees, pensioners and specified family members.",Eligibility depends on Uttarakhand government employment/pension status and the current SGHS beneficiary rules.,"Uttarakhand, SGHS, State Government Health Scheme, government employee, pensioner, state employee health insurance",Uttarakhand; SGHS; State Government Health Scheme; government employee; pensioner; state employee health insurance; State Government Health Scheme (SGHS) – Uttarakhand health insurance; government health scheme Uttarakhand,scheme_discovery; eligibility; benefits; claims; employee_or_pensioner,,,needs_verification,,,Seed metadata. Verify against the latest official government source before production eligibility decisions.,"Scheme: State Government Health Scheme (SGHS) – Uttarakhand
Region: Uttarakhand
Category: state
Description: Cashless government health scheme for eligible Uttarakhand state government employees, pensioners and specified family members.
Eligibility: Eligibility depends on Uttarakhand government employment/pension status and the current SGHS beneficiary rules.
Keywords: Uttarakhand, SGHS, State Government Health Scheme, government employee, pensioner, state employee health insurance
Search aliases: Uttarakhand; SGHS; State Government Health Scheme; government employee; pensioner; state employee health insurance; State Government Health Scheme (SGHS) – Uttarakhand health insurance; government health scheme Uttarakhand"
ayushman-uttarakhand-atal-ayushman-uttarakhand-yojana,state,Uttarakhand,Ayushman Uttarakhand / Atal Ayushman Uttarakhand Yojana,Uttarakhand government health assurance programme providing cashless treatment for eligible state residents under the state/PM-JAY framework.,Eligibility follows the current Uttarakhand beneficiary identification and state/PM-JAY rules.,"Uttarakhand, Atal Ayushman Uttarakhand, Ayushman Uttarakhand, health card, PMJAY Uttarakhand, cashless",Uttarakhand; Atal Ayushman Uttarakhand; Ayushman Uttarakhand; health card; PMJAY Uttarakhand; cashless; Ayushman Uttarakhand / Atal Ayushman Uttarakhand Yojana health insurance; government health scheme Uttarakhand,scheme_discovery; eligibility; benefits; documents; claims,,,needs_verification,,,Seed metadata. Verify against the latest official government source before production eligibility decisions.,"Scheme: Ayushman Uttarakhand / Atal Ayushman Uttarakhand Yojana
Region: Uttarakhand
Category: state
Description: Uttarakhand government health assurance programme providing cashless treatment for eligible state residents under the state/PM-JAY framework.
Eligibility: Eligibility follows the current Uttarakhand beneficiary identification and state/PM-JAY rules.
Keywords: Uttarakhand, Atal Ayushman Uttarakhand, Ayushman Uttarakhand, health card, PMJAY Uttarakhand, cashless
Search aliases: Uttarakhand; Atal Ayushman Uttarakhand; Ayushman Uttarakhand; health card; PMJAY Uttarakhand; cashless; Ayushman Uttarakhand / Atal Ayushman Uttarakhand Yojana health insurance; government health scheme Uttarakhand"
swasthya-sathi-west-bengal,state,West Bengal,Swasthya Sathi – West Bengal,West Bengal government health assurance scheme providing cashless hospitalization coverage to eligible families through empanelled hospitals.,Eligibility is based on West Bengal's current scheme rules and beneficiary criteria; government employees covered by other schemes may be excluded or treated differently.,"West Bengal, Swasthya Sathi, health card, cashless hospitalization, WB health insurance, Duare Sarkar, family health cover",West Bengal; Swasthya Sathi; health card; cashless hospitalization; WB health insurance; Duare Sarkar; family health cover; Swasthya Sathi – West Bengal health insurance; government health scheme West Bengal,scheme_discovery; eligibility; benefits; documents; claims; employee_or_pensioner,,,needs_verification,,,Seed metadata. Verify against the latest official government source before production eligibility decisions.,"Scheme: Swasthya Sathi – West Bengal
Region: West Bengal
Category: state
Description: West Bengal government health assurance scheme providing cashless hospitalization coverage to eligible families through empanelled hospitals.
Eligibility: Eligibility is based on West Bengal's current scheme rules and beneficiary criteria; government employees covered by other schemes may be excluded or treated differently.
Keywords: West Bengal, Swasthya Sathi, health card, cashless hospitalization, WB health insurance, Duare Sarkar, family health cover
Search aliases: West Bengal; Swasthya Sathi; health card; cashless hospitalization; WB health insurance; Duare Sarkar; family health cover; Swasthya Sathi – West Bengal health insurance; government health scheme West Bengal"
ayushman-bharat-pm-jay-sehat-jammu-kashmir,state,Jammu & Kashmir,Ayushman Bharat PM-JAY SEHAT – Jammu & Kashmir,"Universalized government health assurance pathway for eligible Jammu and Kashmir residents, providing cashless hospitalization through the PM-JAY network.",Eligibility follows the current J&K SEHAT/PM-JAY enrolment and identity requirements applicable to residents.,"Jammu Kashmir, J&K SEHAT, PMJAY SEHAT, Ayushman Bharat SEHAT, health card, J&K health insurance, cashless",Jammu Kashmir; J&K SEHAT; PMJAY SEHAT; Ayushman Bharat SEHAT; health card; J&K health insurance; cashless; Ayushman Bharat PM-JAY SEHAT – Jammu & Kashmir health insurance; government health scheme Jammu & Kashmir,scheme_discovery; eligibility; benefits; documents; application; claims,,,needs_verification,,,Seed metadata. Verify against the latest official government source before production eligibility decisions.,"Scheme: Ayushman Bharat PM-JAY SEHAT – Jammu & Kashmir
Region: Jammu & Kashmir
Category: state
Description: Universalized government health assurance pathway for eligible Jammu and Kashmir residents, providing cashless hospitalization through the PM-JAY network.
Eligibility: Eligibility follows the current J&K SEHAT/PM-JAY enrolment and identity requirements applicable to residents.
Keywords: Jammu Kashmir, J&K SEHAT, PMJAY SEHAT, Ayushman Bharat SEHAT, health card, J&K health insurance, cashless
Search aliases: Jammu Kashmir; J&K SEHAT; PMJAY SEHAT; Ayushman Bharat SEHAT; health card; J&K health insurance; cashless; Ayushman Bharat PM-JAY SEHAT – Jammu & Kashmir health insurance; government health scheme Jammu & Kashmir"
rashtriya-swasthya-bima-yojana-rsby-legacy-scheme,central,India,Rashtriya Swasthya Bima Yojana (RSBY) – legacy scheme,Former Government of India health insurance scheme for below-poverty-line households and certain unorganised-sector workers; largely superseded by PM-JAY.,Historically targeted BPL families and specified unorganised-sector worker categories; not to be treated as a current enrolment route without official confirmation.,"RSBY, Rashtriya Swasthya Bima Yojana, BPL health insurance, unorganised workers, legacy scheme, old government health insurance",RSBY; Rashtriya Swasthya Bima Yojana; BPL health insurance; unorganised workers; legacy scheme; old government health insurance; Rashtriya Swasthya Bima Yojana (RSBY) – legacy scheme health insurance; government health scheme India,scheme_discovery; eligibility; benefits; documents; application,,,needs_verification,,,Seed metadata. Verify against the latest official government source before production eligibility decisions.,"Scheme: Rashtriya Swasthya Bima Yojana (RSBY) – legacy scheme
Region: India
Category: central
Description: Former Government of India health insurance scheme for below-poverty-line households and certain unorganised-sector workers; largely superseded by PM-JAY.
Eligibility: Historically targeted BPL families and specified unorganised-sector worker categories; not to be treated as a current enrolment route without official confirmation.
Keywords: RSBY, Rashtriya Swasthya Bima Yojana, BPL health insurance, unorganised workers, legacy scheme, old government health insurance
Search aliases: RSBY; Rashtriya Swasthya Bima Yojana; BPL health insurance; unorganised workers; legacy scheme; old government health insurance; Rashtriya Swasthya Bima Yojana (RSBY) – legacy scheme health insurance; government health scheme India"
health-insurance-scheme-for-handloom-weavers-legacy-sectoral,central,India,Health Insurance Scheme for Handloom Weavers – legacy/sectoral,Government-supported health insurance assistance historically targeted at eligible handloom weavers and their families.,Historically targeted eligible handloom weavers and dependants under notified sectoral rules; verify current operational status before use.,"handloom weavers, weaver health insurance, textile worker, artisan health scheme, sectoral health insurance",handloom weavers; weaver health insurance; textile worker; artisan health scheme; sectoral health insurance; government health scheme India,scheme_discovery; eligibility; benefits,,,needs_verification,,,Seed metadata. Verify against the latest official government source before production eligibility decisions.,"Scheme: Health Insurance Scheme for Handloom Weavers – legacy/sectoral
Region: India
Category: central
Description: Government-supported health insurance assistance historically targeted at eligible handloom weavers and their families.
Eligibility: Historically targeted eligible handloom weavers and dependants under notified sectoral rules; verify current operational status before use.
Keywords: handloom weavers, weaver health insurance, textile worker, artisan health scheme, sectoral health insurance
Search aliases: handloom weavers; weaver health insurance; textile worker; artisan health scheme; sectoral health insurance; government health scheme India"
rajiv-jeevandayee-aarogya-yojana-maharashtra-legacy-name,state,Maharashtra,Rajiv Jeevandayee Aarogya Yojana – Maharashtra (legacy name),Former Maharashtra government health assurance scheme that preceded the current MJPJAY framework.,Historical beneficiary rules; use only for legacy-document retrieval and map current applicants to the active Maharashtra scheme.,"Rajiv Jeevandayee, RJAY, Maharashtra legacy health insurance, MJPJAY predecessor, old scheme",Rajiv Jeevandayee; RJAY; Maharashtra legacy health insurance; MJPJAY predecessor; old scheme; Rajiv Jeevandayee Aarogya Yojana – Maharashtra (legacy name) health insurance; government health scheme Maharashtra,scheme_discovery; eligibility; benefits; documents,,,needs_verification,,,Seed metadata. Verify against the latest official government source before production eligibility decisions.,"Scheme: Rajiv Jeevandayee Aarogya Yojana – Maharashtra (legacy name)
Region: Maharashtra
Category: state
Description: Former Maharashtra government health assurance scheme that preceded the current MJPJAY framework.
Eligibility: Historical beneficiary rules; use only for legacy-document retrieval and map current applicants to the active Maharashtra scheme.
Keywords: Rajiv Jeevandayee, RJAY, Maharashtra legacy health insurance, MJPJAY predecessor, old scheme
Search aliases: Rajiv Jeevandayee; RJAY; Maharashtra legacy health insurance; MJPJAY predecessor; old scheme; Rajiv Jeevandayee Aarogya Yojana – Maharashtra (legacy name) health insurance; government health scheme Maharashtra"
bhamashah-swasthya-bima-yojana-rajasthan-legacy-name,state,Rajasthan,Bhamashah Swasthya Bima Yojana – Rajasthan (legacy name),Former Rajasthan government health insurance scheme that preceded later state health assurance programmes.,Historical eligibility rules; not a current eligibility decision source without verification.,"Bhamashah Swasthya Bima, Rajasthan legacy scheme, BSBY, old Rajasthan health insurance",Bhamashah Swasthya Bima; Rajasthan legacy scheme; BSBY; old Rajasthan health insurance; Bhamashah Swasthya Bima Yojana – Rajasthan (legacy name) health insurance; government health scheme Rajasthan,scheme_discovery; eligibility; benefits,,,needs_verification,,,Seed metadata. Verify against the latest official government source before production eligibility decisions.,"Scheme: Bhamashah Swasthya Bima Yojana – Rajasthan (legacy name)
Region: Rajasthan
Category: state
Description: Former Rajasthan government health insurance scheme that preceded later state health assurance programmes.
Eligibility: Historical eligibility rules; not a current eligibility decision source without verification.
Keywords: Bhamashah Swasthya Bima, Rajasthan legacy scheme, BSBY, old Rajasthan health insurance
Search aliases: Bhamashah Swasthya Bima; Rajasthan legacy scheme; BSBY; old Rajasthan health insurance; Bhamashah Swasthya Bima Yojana – Rajasthan (legacy name) health insurance; government health scheme Rajasthan"
bhagat-puran-singh-sehat-bima-yojana-punjab-legacy-sectoral,state,Punjab,Bhagat Puran Singh Sehat Bima Yojana – Punjab (legacy/sectoral),Former/sector-focused Punjab health insurance pathway associated with specified vulnerable and occupational groups.,Historical eligibility depended on notified beneficiary categories; current availability should be verified.,"Bhagat Puran Singh, Punjab health insurance, BPSBY, vulnerable families, occupational health scheme",Bhagat Puran Singh; Punjab health insurance; BPSBY; vulnerable families; occupational health scheme; Bhagat Puran Singh Sehat Bima Yojana – Punjab (legacy/sectoral) health insurance; government health scheme Punjab,scheme_discovery; eligibility; benefits,,,needs_verification,,,Seed metadata. Verify against the latest official government source before production eligibility decisions.,"Scheme: Bhagat Puran Singh Sehat Bima Yojana – Punjab (legacy/sectoral)
Region: Punjab
Category: state
Description: Former/sector-focused Punjab health insurance pathway associated with specified vulnerable and occupational groups.
Eligibility: Historical eligibility depended on notified beneficiary categories; current availability should be verified.
Keywords: Bhagat Puran Singh, Punjab health insurance, BPSBY, vulnerable families, occupational health scheme
Search aliases: Bhagat Puran Singh; Punjab health insurance; BPSBY; vulnerable families; occupational health scheme; Bhagat Puran Singh Sehat Bima Yojana – Punjab (legacy/sectoral) health insurance; government health scheme Punjab"
chief-minister-universal-health-insurance-scheme-arunachal-pradesh-historical,state,Arunachal Pradesh,Chief Minister Universal Health Insurance Scheme – Arunachal Pradesh (historical),Historical Arunachal Pradesh government health insurance initiative for eligible residents.,Historical state eligibility criteria; current status and replacement/convergence pathway must be verified before production use.,"Arunachal Pradesh, CMUHIS, universal health insurance, Arunachal health scheme, state health insurance",Arunachal Pradesh; CMUHIS; universal health insurance; Arunachal health scheme; state health insurance; government health scheme Arunachal Pradesh,scheme_discovery; eligibility; benefits,,,needs_verification,,,Seed metadata. Verify against the latest official government source before production eligibility decisions.,"Scheme: Chief Minister Universal Health Insurance Scheme – Arunachal Pradesh (historical)
Region: Arunachal Pradesh
Category: state
Description: Historical Arunachal Pradesh government health insurance initiative for eligible residents.
Eligibility: Historical state eligibility criteria; current status and replacement/convergence pathway must be verified before production use.
Keywords: Arunachal Pradesh, CMUHIS, universal health insurance, Arunachal health scheme, state health insurance
Search aliases: Arunachal Pradesh; CMUHIS; universal health insurance; Arunachal health scheme; state health insurance; government health scheme Arunachal Pradesh"
sanjeevani-swasthya-bima-yojana-dadra-and-nagar-haveli-historical,state,Dadra & Nagar Haveli and Daman & Diu,Sanjeevani Swasthya Bima Yojana – Dadra and Nagar Haveli (historical),Historical government health insurance arrangement for eligible residents of the former Union Territory.,Historical beneficiary rules; verify current DNH/DD health coverage arrangements before relying on this record.,"Dadra Nagar Haveli, Sanjeevani Swasthya Bima, DNH health insurance, UT health scheme, legacy",Dadra Nagar Haveli; Sanjeevani Swasthya Bima; DNH health insurance; UT health scheme; legacy; Sanjeevani Swasthya Bima Yojana – Dadra and Nagar Haveli (historical) health insurance; government health scheme Dadra & Nagar Haveli and Daman & Diu,scheme_discovery; eligibility; benefits,,,needs_verification,,,Seed metadata. Verify against the latest official government source before production eligibility decisions.,"Scheme: Sanjeevani Swasthya Bima Yojana – Dadra and Nagar Haveli (historical)
Region: Dadra & Nagar Haveli and Daman & Diu
Category: state
Description: Historical government health insurance arrangement for eligible residents of the former Union Territory.
Eligibility: Historical beneficiary rules; verify current DNH/DD health coverage arrangements before relying on this record.
Keywords: Dadra Nagar Haveli, Sanjeevani Swasthya Bima, DNH health insurance, UT health scheme, legacy
Search aliases: Dadra Nagar Haveli; Sanjeevani Swasthya Bima; DNH health insurance; UT health scheme; legacy; Sanjeevani Swasthya Bima Yojana – Dadra and Nagar Haveli (historical) health insurance; government health scheme Dadra & Nagar Haveli and Daman & Diu"
ayushman-bharat-digital-mission-abdm-health-access-infrastructure,central,India,Ayushman Bharat Digital Mission (ABDM) – health-access infrastructure,"National digital health infrastructure supporting interoperable health records, health IDs and digital discovery of healthcare services; it is not itself an insurance policy.",Open to citizens/users participating in the digital health ecosystem according to current ABDM rules; insurance eligibility is determined separately by schemes such as PM-JAY.,"ABDM, ABHA, health ID, digital health, health records, Ayushman Bharat, digital healthcare, health insurance discovery",ABDM; ABHA; health ID; digital health; health records; Ayushman Bharat; digital healthcare; health insurance discovery; Ayushman Bharat Digital Mission (ABDM) – health-access infrastructure health insurance; government health scheme India,scheme_discovery; eligibility; benefits,,,needs_verification,,,Seed metadata. Verify against the latest official government source before production eligibility decisions.,"Scheme: Ayushman Bharat Digital Mission (ABDM) – health-access infrastructure
Region: India
Category: central
Description: National digital health infrastructure supporting interoperable health records, health IDs and digital discovery of healthcare services; it is not itself an insurance policy.
Eligibility: Open to citizens/users participating in the digital health ecosystem according to current ABDM rules; insurance eligibility is determined separately by schemes such as PM-JAY.
Keywords: ABDM, ABHA, health ID, digital health, health records, Ayushman Bharat, digital healthcare, health insurance discovery
Search aliases: ABDM; ABHA; health ID; digital health; health records; Ayushman Bharat; digital healthcare; health insurance discovery; Ayushman Bharat Digital Mission (ABDM) – health-access infrastructure health insurance; government health scheme India"
pradhan-mantri-national-dialysis-programme-pmndp,central,India,Pradhan Mantri National Dialysis Programme (PMNDP),Government programme supporting dialysis services for eligible patients through public health facilities; it is a treatment-support programme rather than conventional insurance.,Patients requiring dialysis who access participating public facilities under applicable state/facility eligibility and programme rules.,"PMNDP, dialysis, kidney failure, CKD, renal treatment, free dialysis, government dialysis programme",PMNDP; dialysis; kidney failure; CKD; renal treatment; free dialysis; government dialysis programme; Pradhan Mantri National Dialysis Programme (PMNDP) health insurance; government health scheme India,scheme_discovery; eligibility; benefits,,,needs_verification,,,Seed metadata. Verify against the latest official government source before production eligibility decisions.,"Scheme: Pradhan Mantri National Dialysis Programme (PMNDP)
Region: India
Category: central
Description: Government programme supporting dialysis services for eligible patients through public health facilities; it is a treatment-support programme rather than conventional insurance.
Eligibility: Patients requiring dialysis who access participating public facilities under applicable state/facility eligibility and programme rules.
Keywords: PMNDP, dialysis, kidney failure, CKD, renal treatment, free dialysis, government dialysis programme
Search aliases: PMNDP; dialysis; kidney failure; CKD; renal treatment; free dialysis; government dialysis programme; Pradhan Mantri National Dialysis Programme (PMNDP) health insurance; government health scheme India"
rashtriya-arogya-nidhi-ran,central,India,Rashtriya Arogya Nidhi (RAN),Financial assistance mechanism of the Government of India for poor patients suffering from major life-threatening diseases and requiring treatment in eligible government hospitals/institutions.,Poor patients meeting the income and disease/treatment conditions prescribed by the current RAN guidelines and treated at eligible institutions.,"RAN, Rashtriya Arogya Nidhi, poor patient, cancer assistance, major disease, medical financial assistance, government aid",RAN; Rashtriya Arogya Nidhi; poor patient; cancer assistance; major disease; medical financial assistance; government aid; Rashtriya Arogya Nidhi (RAN) health insurance; government health scheme India,scheme_discovery; eligibility; benefits; claims,,,needs_verification,,,Seed metadata. Verify against the latest official government source before production eligibility decisions.,"Scheme: Rashtriya Arogya Nidhi (RAN)
Region: India
Category: central
Description: Financial assistance mechanism of the Government of India for poor patients suffering from major life-threatening diseases and requiring treatment in eligible government hospitals/institutions.
Eligibility: Poor patients meeting the income and disease/treatment conditions prescribed by the current RAN guidelines and treated at eligible institutions.
Keywords: RAN, Rashtriya Arogya Nidhi, poor patient, cancer assistance, major disease, medical financial assistance, government aid
Search aliases: RAN; Rashtriya Arogya Nidhi; poor patient; cancer assistance; major disease; medical financial assistance; government aid; Rashtriya Arogya Nidhi (RAN) health insurance; government health scheme India"
health-minister-s-cancer-patient-fund-hmcpf,central,India,Health Minister's Cancer Patient Fund (HMCPF),Cancer-treatment financial assistance channel under Rashtriya Arogya Nidhi for eligible economically vulnerable patients.,"Eligible poor cancer patients satisfying current income, treatment and institutional requirements under HMCPF/RAN guidelines.","HMCPF, cancer patient fund, cancer treatment assistance, RAN, oncology financial aid, poor cancer patient",HMCPF; cancer patient fund; cancer treatment assistance; RAN; oncology financial aid; poor cancer patient; Health Minister's Cancer Patient Fund (HMCPF) health insurance; government health scheme India,scheme_discovery; eligibility; benefits,,,needs_verification,,,Seed metadata. Verify against the latest official government source before production eligibility decisions.,"Scheme: Health Minister's Cancer Patient Fund (HMCPF)
Region: India
Category: central
Description: Cancer-treatment financial assistance channel under Rashtriya Arogya Nidhi for eligible economically vulnerable patients.
Eligibility: Eligible poor cancer patients satisfying current income, treatment and institutional requirements under HMCPF/RAN guidelines.
Keywords: HMCPF, cancer patient fund, cancer treatment assistance, RAN, oncology financial aid, poor cancer patient
Search aliases: HMCPF; cancer patient fund; cancer treatment assistance; RAN; oncology financial aid; poor cancer patient; Health Minister's Cancer Patient Fund (HMCPF) health insurance; government health scheme India"
jan-aushadhi-pradhan-mantri-bhartiya-janaushadhi-pariyojana,central,India,Jan Aushadhi / Pradhan Mantri Bhartiya Janaushadhi Pariyojana,Government initiative providing quality generic medicines at lower prices through Jan Aushadhi Kendras; it reduces medicine costs but is not health insurance.,Medicines are available to the general public subject to prescription and pharmacy availability.,"Jan Aushadhi, PMBJP, generic medicines, low cost medicine, affordable drugs, healthcare savings",Jan Aushadhi; PMBJP; generic medicines; low cost medicine; affordable drugs; healthcare savings; Jan Aushadhi / Pradhan Mantri Bhartiya Janaushadhi Pariyojana health insurance; government health scheme India,scheme_discovery; eligibility; benefits,,,needs_verification,,,Seed metadata. Verify against the latest official government source before production eligibility decisions.,"Scheme: Jan Aushadhi / Pradhan Mantri Bhartiya Janaushadhi Pariyojana
Region: India
Category: central
Description: Government initiative providing quality generic medicines at lower prices through Jan Aushadhi Kendras; it reduces medicine costs but is not health insurance.
Eligibility: Medicines are available to the general public subject to prescription and pharmacy availability.
Keywords: Jan Aushadhi, PMBJP, generic medicines, low cost medicine, affordable drugs, healthcare savings
Search aliases: Jan Aushadhi; PMBJP; generic medicines; low cost medicine; affordable drugs; healthcare savings; Jan Aushadhi / Pradhan Mantri Bhartiya Janaushadhi Pariyojana health insurance; government health scheme India"
employees-state-insurance-medical-benefit,central,India,Employees' State Insurance – Medical Benefit,Medical-care component of the ESI social-security system covering insured workers and eligible dependants through ESI healthcare facilities and tie-up services.,Covered employees and eligible dependants under the ESI Act and applicable contribution/coverage conditions.,"ESI medical benefit, ESIC hospital, insured person, dependant, worker medical care, employee health",ESI medical benefit; ESIC hospital; insured person; dependant; worker medical care; employee health; Employees' State Insurance – Medical Benefit health insurance; government health scheme India,scheme_discovery; eligibility; benefits; claims; employee_or_pensioner,,,needs_verification,,,Seed metadata. Verify against the latest official government source before production eligibility decisions.,"Scheme: Employees' State Insurance – Medical Benefit
Region: India
Category: central
Description: Medical-care component of the ESI social-security system covering insured workers and eligible dependants through ESI healthcare facilities and tie-up services.
Eligibility: Covered employees and eligible dependants under the ESI Act and applicable contribution/coverage conditions.
Keywords: ESI medical benefit, ESIC hospital, insured person, dependant, worker medical care, employee health
Search aliases: ESI medical benefit; ESIC hospital; insured person; dependant; worker medical care; employee health; Employees' State Insurance – Medical Benefit health insurance; government health scheme India"
central-services-medical-attendance-csma-rules,central,India,Central Services Medical Attendance (CSMA) Rules,Medical attendance/reimbursement framework for eligible Central Government employees and specified beneficiaries where CGHS coverage does not apply.,Eligible Central Government employees and covered family members under CSMA rules and applicable department/location conditions.,"CSMA, Central Services Medical Attendance, central government employee, medical reimbursement, government employee health",CSMA; Central Services Medical Attendance; central government employee; medical reimbursement; government employee health; Central Services Medical Attendance (CSMA) Rules health insurance; government health scheme India,scheme_discovery; eligibility; benefits; application; employee_or_pensioner,,,needs_verification,,,Seed metadata. Verify against the latest official government source before production eligibility decisions.,"Scheme: Central Services Medical Attendance (CSMA) Rules
Region: India
Category: central
Description: Medical attendance/reimbursement framework for eligible Central Government employees and specified beneficiaries where CGHS coverage does not apply.
Eligibility: Eligible Central Government employees and covered family members under CSMA rules and applicable department/location conditions.
Keywords: CSMA, Central Services Medical Attendance, central government employee, medical reimbursement, government employee health
Search aliases: CSMA; Central Services Medical Attendance; central government employee; medical reimbursement; government employee health; Central Services Medical Attendance (CSMA) Rules health insurance; government health scheme India"
railway-employees-health-services,central,India,Railway Employees Health Services,"Medical-care framework providing healthcare to serving railway employees, pensioners and eligible dependants through railway hospitals and associated facilities.","Eligible Indian Railways employees, pensioners and covered family members under railway medical rules.","Indian Railways health, railway employee medical, railway hospital, railway pensioner, railway dependant",Indian Railways health; railway employee medical; railway hospital; railway pensioner; railway dependant; Railway Employees Health Services health insurance; government health scheme India,scheme_discovery; eligibility; benefits; claims; employee_or_pensioner,,,needs_verification,,,Seed metadata. Verify against the latest official government source before production eligibility decisions.,"Scheme: Railway Employees Health Services
Region: India
Category: central
Description: Medical-care framework providing healthcare to serving railway employees, pensioners and eligible dependants through railway hospitals and associated facilities.
Eligibility: Eligible Indian Railways employees, pensioners and covered family members under railway medical rules.
Keywords: Indian Railways health, railway employee medical, railway hospital, railway pensioner, railway dependant
Search aliases: Indian Railways health; railway employee medical; railway hospital; railway pensioner; railway dependant; Railway Employees Health Services health insurance; government health scheme India"
defence-services-medical-care-armed-forces-medical-services,central,India,Defence Services medical care / Armed Forces medical services,"Government-funded medical-care system for eligible serving defence personnel, pensioners and dependants through military healthcare facilities.","Eligible armed forces personnel, pensioners and dependants under defence medical-service rules.","defence health, armed forces medical, military hospital, defence pensioner, service personnel, dependant",defence health; armed forces medical; military hospital; defence pensioner; service personnel; dependant; Defence Services medical care / Armed Forces medical services health insurance; government health scheme India,scheme_discovery; eligibility; benefits; claims; employee_or_pensioner,,,needs_verification,,,Seed metadata. Verify against the latest official government source before production eligibility decisions.,"Scheme: Defence Services medical care / Armed Forces medical services
Region: India
Category: central
Description: Government-funded medical-care system for eligible serving defence personnel, pensioners and dependants through military healthcare facilities.
Eligibility: Eligible armed forces personnel, pensioners and dependants under defence medical-service rules.
Keywords: defence health, armed forces medical, military hospital, defence pensioner, service personnel, dependant
Search aliases: defence health; armed forces medical; military hospital; defence pensioner; service personnel; dependant; Defence Services medical care / Armed Forces medical services health insurance; government health scheme India"
haryana-chirayu-ayushman-bharat-haryana,state,Haryana,Haryana Chirayu – Ayushman Bharat Haryana,Haryana government health assurance expansion providing cashless hospitalization coverage to eligible families under the state/PM-JAY framework.,Eligibility is based on Haryana's currently notified household/category and beneficiary criteria.,"Haryana Chirayu, Chirayu Haryana, Ayushman Haryana, PMJAY Haryana, health card, cashless hospitalization, poor family",Haryana Chirayu; Chirayu Haryana; Ayushman Haryana; PMJAY Haryana; health card; cashless hospitalization; poor family; Haryana Chirayu – Ayushman Bharat Haryana health insurance; government health scheme Haryana,scheme_discovery; eligibility; benefits; documents; claims,,,needs_verification,,,Seed metadata. Verify against the latest official government source before production eligibility decisions.,"Scheme: Haryana Chirayu – Ayushman Bharat Haryana
Region: Haryana
Category: state
Description: Haryana government health assurance expansion providing cashless hospitalization coverage to eligible families under the state/PM-JAY framework.
Eligibility: Eligibility is based on Haryana's currently notified household/category and beneficiary criteria.
Keywords: Haryana Chirayu, Chirayu Haryana, Ayushman Haryana, PMJAY Haryana, health card, cashless hospitalization, poor family
Search aliases: Haryana Chirayu; Chirayu Haryana; Ayushman Haryana; PMJAY Haryana; health card; cashless hospitalization; poor family; Haryana Chirayu – Ayushman Bharat Haryana health insurance; government health scheme Haryana"
haryana-employees-cashless-health-scheme-echs,state,Haryana,Haryana Employees Cashless Health Scheme (ECHS),Cashless healthcare pathway for eligible Haryana government employees and pensioners under the state employee health framework.,"Eligible Haryana government employees, pensioners and covered dependants according to current state rules.","Haryana ECHS, employee cashless health, Haryana government employee, pensioner, cashless medical, state employee health",Haryana ECHS; employee cashless health; Haryana government employee; pensioner; cashless medical; state employee health; Haryana Employees Cashless Health Scheme (ECHS) health insurance; government health scheme Haryana,scheme_discovery; eligibility; benefits; claims; employee_or_pensioner,,,needs_verification,,,Seed metadata. Verify against the latest official government source before production eligibility decisions.,"Scheme: Haryana Employees Cashless Health Scheme (ECHS)
Region: Haryana
Category: state
Description: Cashless healthcare pathway for eligible Haryana government employees and pensioners under the state employee health framework.
Eligibility: Eligible Haryana government employees, pensioners and covered dependants according to current state rules.
Keywords: Haryana ECHS, employee cashless health, Haryana government employee, pensioner, cashless medical, state employee health
Search aliases: Haryana ECHS; employee cashless health; Haryana government employee; pensioner; cashless medical; state employee health; Haryana Employees Cashless Health Scheme (ECHS) health insurance; government health scheme Haryana"
delhi-government-employees-health-scheme-dgehs,state,Delhi,Delhi Government Employees Health Scheme (DGEHS),"Medical reimbursement/healthcare scheme for eligible Delhi Government employees, pensioners and specified dependants.","Eligible Delhi Government employees, pensioners and family members under DGEHS rules.","DGEHS, Delhi government employee, Delhi pensioner, government health scheme, medical reimbursement, Delhi health",DGEHS; Delhi government employee; Delhi pensioner; government health scheme; medical reimbursement; Delhi health; Delhi Government Employees Health Scheme (DGEHS) health insurance; government health scheme Delhi,scheme_discovery; eligibility; benefits; employee_or_pensioner,,,needs_verification,,,Seed metadata. Verify against the latest official government source before production eligibility decisions.,"Scheme: Delhi Government Employees Health Scheme (DGEHS)
Region: Delhi
Category: state
Description: Medical reimbursement/healthcare scheme for eligible Delhi Government employees, pensioners and specified dependants.
Eligibility: Eligible Delhi Government employees, pensioners and family members under DGEHS rules.
Keywords: DGEHS, Delhi government employee, Delhi pensioner, government health scheme, medical reimbursement, Delhi health
Search aliases: DGEHS; Delhi government employee; Delhi pensioner; government health scheme; medical reimbursement; Delhi health; Delhi Government Employees Health Scheme (DGEHS) health insurance; government health scheme Delhi"
delhi-arogya-kosh,state,Delhi,Delhi Arogya Kosh,Delhi government financial assistance programme supporting eligible patients for specified costly treatments and medical conditions.,"Eligibility depends on Delhi residence, income and medical/treatment criteria notified for the relevant assistance component.","Delhi Arogya Kosh, DAK, medical assistance Delhi, poor patient, treatment aid, financial assistance",Delhi Arogya Kosh; DAK; medical assistance Delhi; poor patient; treatment aid; financial assistance; Delhi Arogya Kosh health insurance; government health scheme Delhi,scheme_discovery; eligibility; benefits,,,needs_verification,,,Seed metadata. Verify against the latest official government source before production eligibility decisions.,"Scheme: Delhi Arogya Kosh
Region: Delhi
Category: state
Description: Delhi government financial assistance programme supporting eligible patients for specified costly treatments and medical conditions.
Eligibility: Eligibility depends on Delhi residence, income and medical/treatment criteria notified for the relevant assistance component.
Keywords: Delhi Arogya Kosh, DAK, medical assistance Delhi, poor patient, treatment aid, financial assistance
Search aliases: Delhi Arogya Kosh; DAK; medical assistance Delhi; poor patient; treatment aid; financial assistance; Delhi Arogya Kosh health insurance; government health scheme Delhi"
delhi-employees-health-scheme,state,Delhi,Delhi Employees Health Scheme,Government healthcare arrangement for eligible Delhi government personnel and covered family beneficiaries.,Eligible employees/pensioners and dependants under applicable Delhi government health rules.,"Delhi employee health, government staff medical, Delhi pensioner health, cashless treatment",Delhi employee health; government staff medical; Delhi pensioner health; cashless treatment; Delhi Employees Health Scheme health insurance; government health scheme Delhi,scheme_discovery; eligibility; benefits; claims; employee_or_pensioner,,,needs_verification,,,Seed metadata. Verify against the latest official government source before production eligibility decisions.,"Scheme: Delhi Employees Health Scheme
Region: Delhi
Category: state
Description: Government healthcare arrangement for eligible Delhi government personnel and covered family beneficiaries.
Eligibility: Eligible employees/pensioners and dependants under applicable Delhi government health rules.
Keywords: Delhi employee health, government staff medical, Delhi pensioner health, cashless treatment
Search aliases: Delhi employee health; government staff medical; Delhi pensioner health; cashless treatment; Delhi Employees Health Scheme health insurance; government health scheme Delhi"
arunachal-pradesh-chief-minister-s-health-insurance-scheme,state,Arunachal Pradesh,Arunachal Pradesh Chief Minister's Health Insurance Scheme,"State health assurance pathway for eligible Arunachal Pradesh residents, providing financial protection for specified medical treatment.",Eligibility depends on current Arunachal Pradesh residency and notified beneficiary/enrolment rules.,"Arunachal Pradesh, CM health insurance, AP health scheme, health card, cashless treatment, state health insurance",Arunachal Pradesh; CM health insurance; AP health scheme; health card; cashless treatment; state health insurance; government health scheme Arunachal Pradesh,scheme_discovery; eligibility; benefits; documents; application; claims,,,needs_verification,,,Seed metadata. Verify against the latest official government source before production eligibility decisions.,"Scheme: Arunachal Pradesh Chief Minister's Health Insurance Scheme
Region: Arunachal Pradesh
Category: state
Description: State health assurance pathway for eligible Arunachal Pradesh residents, providing financial protection for specified medical treatment.
Eligibility: Eligibility depends on current Arunachal Pradesh residency and notified beneficiary/enrolment rules.
Keywords: Arunachal Pradesh, CM health insurance, AP health scheme, health card, cashless treatment, state health insurance
Search aliases: Arunachal Pradesh; CM health insurance; AP health scheme; health card; cashless treatment; state health insurance; government health scheme Arunachal Pradesh"
assam-arogya-nidhi,state,Assam,Assam Arogya Nidhi,"Financial assistance scheme of Assam for needy patients requiring treatment and hospitalization, particularly where other government insurance pathways do not cover the case.",Poor/needy patients satisfying the current Assam Arogya Nidhi guidelines and eligible medical/hospital conditions.,"Assam Arogya Nidhi, AAN, Assam medical assistance, poor patient, hospital assistance, treatment grant",Assam Arogya Nidhi; AAN; Assam medical assistance; poor patient; hospital assistance; treatment grant; Assam Arogya Nidhi health insurance; government health scheme Assam,scheme_discovery; eligibility; benefits; claims,,,needs_verification,,,Seed metadata. Verify against the latest official government source before production eligibility decisions.,"Scheme: Assam Arogya Nidhi
Region: Assam
Category: state
Description: Financial assistance scheme of Assam for needy patients requiring treatment and hospitalization, particularly where other government insurance pathways do not cover the case.
Eligibility: Poor/needy patients satisfying the current Assam Arogya Nidhi guidelines and eligible medical/hospital conditions.
Keywords: Assam Arogya Nidhi, AAN, Assam medical assistance, poor patient, hospital assistance, treatment grant
Search aliases: Assam Arogya Nidhi; AAN; Assam medical assistance; poor patient; hospital assistance; treatment grant; Assam Arogya Nidhi health insurance; government health scheme Assam"
assam-chief-minister-s-jan-arogya-yojana-mmjay-state-pathway,state,Assam,Assam Chief Minister's Jan Arogya Yojana (MMJAY/State pathway),State-linked health assurance pathway providing government-funded hospitalization support to eligible Assam beneficiaries.,Eligibility depends on the current Assam beneficiary database and state/PM-JAY implementation rules.,"Assam MMJAY, Mukhyamantri Jan Arogya Yojana, Assam health insurance, PMJAY Assam, health card, cashless",Assam MMJAY; Mukhyamantri Jan Arogya Yojana; Assam health insurance; PMJAY Assam; health card; cashless; Assam Chief Minister's Jan Arogya Yojana (MMJAY/State pathway) health insurance; government health scheme Assam,scheme_discovery; eligibility; benefits; documents; claims,,,needs_verification,,,Seed metadata. Verify against the latest official government source before production eligibility decisions.,"Scheme: Assam Chief Minister's Jan Arogya Yojana (MMJAY/State pathway)
Region: Assam
Category: state
Description: State-linked health assurance pathway providing government-funded hospitalization support to eligible Assam beneficiaries.
Eligibility: Eligibility depends on the current Assam beneficiary database and state/PM-JAY implementation rules.
Keywords: Assam MMJAY, Mukhyamantri Jan Arogya Yojana, Assam health insurance, PMJAY Assam, health card, cashless
Search aliases: Assam MMJAY; Mukhyamantri Jan Arogya Yojana; Assam health insurance; PMJAY Assam; health card; cashless; Assam Chief Minister's Jan Arogya Yojana (MMJAY/State pathway) health insurance; government health scheme Assam"
bihar-swasthya-suraksha-samiti-pm-jay-implementation,state,Bihar,Bihar Swasthya Suraksha Samiti / PM-JAY implementation,State implementation framework through which eligible Bihar beneficiaries receive government-funded hospitalization protection.,Eligibility is determined by the current PM-JAY/state beneficiary database and notified categories.,"Bihar Swasthya Suraksha Samiti, BSSS, PMJAY Bihar, Ayushman Bihar, health assurance, cashless",Bihar Swasthya Suraksha Samiti; BSSS; PMJAY Bihar; Ayushman Bihar; health assurance; cashless; Bihar Swasthya Suraksha Samiti / PM-JAY implementation health insurance; government health scheme Bihar,scheme_discovery; eligibility; benefits; claims,,,needs_verification,,,Seed metadata. Verify against the latest official government source before production eligibility decisions.,"Scheme: Bihar Swasthya Suraksha Samiti / PM-JAY implementation
Region: Bihar
Category: state
Description: State implementation framework through which eligible Bihar beneficiaries receive government-funded hospitalization protection.
Eligibility: Eligibility is determined by the current PM-JAY/state beneficiary database and notified categories.
Keywords: Bihar Swasthya Suraksha Samiti, BSSS, PMJAY Bihar, Ayushman Bihar, health assurance, cashless
Search aliases: Bihar Swasthya Suraksha Samiti; BSSS; PMJAY Bihar; Ayushman Bihar; health assurance; cashless; Bihar Swasthya Suraksha Samiti / PM-JAY implementation health insurance; government health scheme Bihar"
chhattisgarh-ayushman-card-health-assurance,state,Chhattisgarh,Chhattisgarh Ayushman Card health assurance,State health assurance access route for eligible Chhattisgarh beneficiaries under the PM-JAY/state integrated programme.,Eligibility follows current Chhattisgarh beneficiary identification and scheme rules.,"Chhattisgarh Ayushman card, PMJAY CG, health card, cashless, government health insurance, CG health scheme",Chhattisgarh Ayushman card; PMJAY CG; health card; cashless; government health insurance; CG health scheme; Chhattisgarh Ayushman Card health assurance health insurance; government health scheme Chhattisgarh,scheme_discovery; eligibility; benefits; documents; claims,,,needs_verification,,,Seed metadata. Verify against the latest official government source before production eligibility decisions.,"Scheme: Chhattisgarh Ayushman Card health assurance
Region: Chhattisgarh
Category: state
Description: State health assurance access route for eligible Chhattisgarh beneficiaries under the PM-JAY/state integrated programme.
Eligibility: Eligibility follows current Chhattisgarh beneficiary identification and scheme rules.
Keywords: Chhattisgarh Ayushman card, PMJAY CG, health card, cashless, government health insurance, CG health scheme
Search aliases: Chhattisgarh Ayushman card; PMJAY CG; health card; cashless; government health insurance; CG health scheme; Chhattisgarh Ayushman Card health assurance health insurance; government health scheme Chhattisgarh"
goa-state-government-employee-health-scheme,state,Goa,Goa State Government Employee Health Scheme,Healthcare support for eligible Goa government employees and specified dependants under state employee medical rules.,Eligible Goa government employees and covered family members under current service/health rules.,"Goa government employee health, Goa employee medical, state employee health, government staff, medical reimbursement",Goa government employee health; Goa employee medical; state employee health; government staff; medical reimbursement; Goa State Government Employee Health Scheme health insurance; government health scheme Goa,scheme_discovery; eligibility; benefits; employee_or_pensioner,,,needs_verification,,,Seed metadata. Verify against the latest official government source before production eligibility decisions.,"Scheme: Goa State Government Employee Health Scheme
Region: Goa
Category: state
Description: Healthcare support for eligible Goa government employees and specified dependants under state employee medical rules.
Eligibility: Eligible Goa government employees and covered family members under current service/health rules.
Keywords: Goa government employee health, Goa employee medical, state employee health, government staff, medical reimbursement
Search aliases: Goa government employee health; Goa employee medical; state employee health; government staff; medical reimbursement; Goa State Government Employee Health Scheme health insurance; government health scheme Goa"
gujarat-mukhyamantri-amrutam-vatsalya-ma-vatsalya,state,Gujarat,Gujarat Mukhyamantri Amrutam Vatsalya (MA Vatsalya),Government health protection extension associated with Gujarat's Mukhyamantri Amrutam programme for additional eligible vulnerable families.,Eligibility follows Gujarat's currently notified beneficiary/income/category criteria.,"MA Vatsalya, Mukhyamantri Amrutam Vatsalya, Gujarat health card, poor family, cashless, Gujarat insurance",MA Vatsalya; Mukhyamantri Amrutam Vatsalya; Gujarat health card; poor family; cashless; Gujarat insurance; Gujarat Mukhyamantri Amrutam Vatsalya (MA Vatsalya) health insurance; government health scheme Gujarat,scheme_discovery; eligibility; benefits; documents; claims,,,needs_verification,,,Seed metadata. Verify against the latest official government source before production eligibility decisions.,"Scheme: Gujarat Mukhyamantri Amrutam Vatsalya (MA Vatsalya)
Region: Gujarat
Category: state
Description: Government health protection extension associated with Gujarat's Mukhyamantri Amrutam programme for additional eligible vulnerable families.
Eligibility: Eligibility follows Gujarat's currently notified beneficiary/income/category criteria.
Keywords: MA Vatsalya, Mukhyamantri Amrutam Vatsalya, Gujarat health card, poor family, cashless, Gujarat insurance
Search aliases: MA Vatsalya; Mukhyamantri Amrutam Vatsalya; Gujarat health card; poor family; cashless; Gujarat insurance; Gujarat Mukhyamantri Amrutam Vatsalya (MA Vatsalya) health insurance; government health scheme Gujarat"
gujarat-pmjay-ma,state,Gujarat,Gujarat PMJAY-MA,Integrated Gujarat health assurance arrangement combining PM-JAY with Mukhyamantri Amrutam for eligible beneficiaries.,Eligibility depends on the applicable Gujarat beneficiary category and PM-JAY/MA rules.,"PMJAY-MA, Gujarat PMJAY, Mukhyamantri Amrutam, Ayushman Gujarat, health card, cashless",PMJAY-MA; Gujarat PMJAY; Mukhyamantri Amrutam; Ayushman Gujarat; health card; cashless; Gujarat PMJAY-MA health insurance; government health scheme Gujarat,scheme_discovery; eligibility; benefits; documents; claims,,,needs_verification,,,Seed metadata. Verify against the latest official government source before production eligibility decisions.,"Scheme: Gujarat PMJAY-MA
Region: Gujarat
Category: state
Description: Integrated Gujarat health assurance arrangement combining PM-JAY with Mukhyamantri Amrutam for eligible beneficiaries.
Eligibility: Eligibility depends on the applicable Gujarat beneficiary category and PM-JAY/MA rules.
Keywords: PMJAY-MA, Gujarat PMJAY, Mukhyamantri Amrutam, Ayushman Gujarat, health card, cashless
Search aliases: PMJAY-MA; Gujarat PMJAY; Mukhyamantri Amrutam; Ayushman Gujarat; health card; cashless; Gujarat PMJAY-MA health insurance; government health scheme Gujarat"
himachal-pradesh-himcare,state,Himachal Pradesh,Himachal Pradesh HIMCARE,Himachal Pradesh health protection scheme providing hospitalization cover to eligible families not otherwise covered by specified government schemes.,"Eligibility depends on current HIMCARE category, household status, state residency and exclusions.","HIMCARE, Him Care, Himachal health insurance, HP health card, cashless hospitalization, family health cover",HIMCARE; Him Care; Himachal health insurance; HP health card; cashless hospitalization; family health cover; Himachal Pradesh HIMCARE health insurance; government health scheme Himachal Pradesh,scheme_discovery; eligibility; benefits; documents; claims,,,needs_verification,,,Seed metadata. Verify against the latest official government source before production eligibility decisions.,"Scheme: Himachal Pradesh HIMCARE
Region: Himachal Pradesh
Category: state
Description: Himachal Pradesh health protection scheme providing hospitalization cover to eligible families not otherwise covered by specified government schemes.
Eligibility: Eligibility depends on current HIMCARE category, household status, state residency and exclusions.
Keywords: HIMCARE, Him Care, Himachal health insurance, HP health card, cashless hospitalization, family health cover
Search aliases: HIMCARE; Him Care; Himachal health insurance; HP health card; cashless hospitalization; family health cover; Himachal Pradesh HIMCARE health insurance; government health scheme Himachal Pradesh"
himachal-pradesh-state-illness-assistance-fund,state,Himachal Pradesh,Himachal Pradesh State Illness Assistance Fund,Government financial assistance mechanism for eligible poor patients needing treatment for specified serious diseases.,"Eligibility depends on current state income, disease and treatment criteria.","Himachal illness assistance, medical grant, poor patient, serious disease, HP treatment assistance",Himachal illness assistance; medical grant; poor patient; serious disease; HP treatment assistance; Himachal Pradesh State Illness Assistance Fund health insurance; government health scheme Himachal Pradesh,scheme_discovery; eligibility; benefits,,,needs_verification,,,Seed metadata. Verify against the latest official government source before production eligibility decisions.,"Scheme: Himachal Pradesh State Illness Assistance Fund
Region: Himachal Pradesh
Category: state
Description: Government financial assistance mechanism for eligible poor patients needing treatment for specified serious diseases.
Eligibility: Eligibility depends on current state income, disease and treatment criteria.
Keywords: Himachal illness assistance, medical grant, poor patient, serious disease, HP treatment assistance
Search aliases: Himachal illness assistance; medical grant; poor patient; serious disease; HP treatment assistance; Himachal Pradesh State Illness Assistance Fund health insurance; government health scheme Himachal Pradesh"
jharkhand-state-employee-health-insurance-scheme,state,Jharkhand,Jharkhand State Employee Health Insurance Scheme,"Group health insurance scheme for Jharkhand state employees, pensioners and other notified beneficiary groups and their dependants.","Eligible state employees, pensioners/family pensioners and other notified categories subject to registration and approval.","Jharkhand SEHIS, state employee health insurance, pensioner, government employee, dependant, cashless",Jharkhand SEHIS; state employee health insurance; pensioner; government employee; dependant; cashless; government health scheme Jharkhand,scheme_discovery; eligibility; benefits; documents; application; claims; employee_or_pensioner,,,needs_verification,,,Seed metadata. Verify against the latest official government source before production eligibility decisions.,"Scheme: Jharkhand State Employee Health Insurance Scheme
Region: Jharkhand
Category: state
Description: Group health insurance scheme for Jharkhand state employees, pensioners and other notified beneficiary groups and their dependants.
Eligibility: Eligible state employees, pensioners/family pensioners and other notified categories subject to registration and approval.
Keywords: Jharkhand SEHIS, state employee health insurance, pensioner, government employee, dependant, cashless
Search aliases: Jharkhand SEHIS; state employee health insurance; pensioner; government employee; dependant; cashless; government health scheme Jharkhand"
karnataka-suvarna-arogya-suraksha-trust-health-assurance,state,Karnataka,Karnataka Suvarna Arogya Suraksha Trust health assurance,State institutional framework implementing health assurance programmes for eligible Karnataka beneficiaries.,Eligibility depends on the specific Karnataka health assurance programme and beneficiary category.,"Suvarna Arogya Suraksha Trust, SAST, Karnataka health insurance, Ayushman Karnataka, government health",Suvarna Arogya Suraksha Trust; SAST; Karnataka health insurance; Ayushman Karnataka; government health; Karnataka Suvarna Arogya Suraksha Trust health assurance health insurance; government health scheme Karnataka,scheme_discovery; eligibility; benefits,,,needs_verification,,,Seed metadata. Verify against the latest official government source before production eligibility decisions.,"Scheme: Karnataka Suvarna Arogya Suraksha Trust health assurance
Region: Karnataka
Category: state
Description: State institutional framework implementing health assurance programmes for eligible Karnataka beneficiaries.
Eligibility: Eligibility depends on the specific Karnataka health assurance programme and beneficiary category.
Keywords: Suvarna Arogya Suraksha Trust, SAST, Karnataka health insurance, Ayushman Karnataka, government health
Search aliases: Suvarna Arogya Suraksha Trust; SAST; Karnataka health insurance; Ayushman Karnataka; government health; Karnataka Suvarna Arogya Suraksha Trust health assurance health insurance; government health scheme Karnataka"
karnataka-jyothi-sanjeevini-scheme-jss,state,Karnataka,Karnataka Jyothi Sanjeevini Scheme (JSS),Health benefit scheme for eligible Karnataka government employees and their dependants under the state employee health framework.,Eligible Karnataka state government employees and covered dependants according to current service rules.,"Jyothi Sanjeevini, JSS Karnataka, government employee health, Karnataka staff medical, cashless",Jyothi Sanjeevini; JSS Karnataka; government employee health; Karnataka staff medical; cashless; Karnataka Jyothi Sanjeevini Scheme (JSS) health insurance; government health scheme Karnataka,scheme_discovery; eligibility; benefits; claims; employee_or_pensioner,,,needs_verification,,,Seed metadata. Verify against the latest official government source before production eligibility decisions.,"Scheme: Karnataka Jyothi Sanjeevini Scheme (JSS)
Region: Karnataka
Category: state
Description: Health benefit scheme for eligible Karnataka government employees and their dependants under the state employee health framework.
Eligibility: Eligible Karnataka state government employees and covered dependants according to current service rules.
Keywords: Jyothi Sanjeevini, JSS Karnataka, government employee health, Karnataka staff medical, cashless
Search aliases: Jyothi Sanjeevini; JSS Karnataka; government employee health; Karnataka staff medical; cashless; Karnataka Jyothi Sanjeevini Scheme (JSS) health insurance; government health scheme Karnataka"
kerala-medisep,state,Kerala,Kerala MEDISEP,"Medical insurance scheme for eligible Kerala government employees and pensioners, providing cashless treatment through the scheme network.","Eligible Kerala state government employees, pensioners and covered dependants under MEDISEP rules.","MEDISEP, Kerala employee health, Kerala pensioner health, government employee insurance, cashless, MEDISEP 2.0",MEDISEP; Kerala employee health; Kerala pensioner health; government employee insurance; cashless; MEDISEP 2.0; Kerala MEDISEP health insurance; government health scheme Kerala,scheme_discovery; eligibility; benefits; claims; employee_or_pensioner,,,needs_verification,,,Seed metadata. Verify against the latest official government source before production eligibility decisions.,"Scheme: Kerala MEDISEP
Region: Kerala
Category: state
Description: Medical insurance scheme for eligible Kerala government employees and pensioners, providing cashless treatment through the scheme network.
Eligibility: Eligible Kerala state government employees, pensioners and covered dependants under MEDISEP rules.
Keywords: MEDISEP, Kerala employee health, Kerala pensioner health, government employee insurance, cashless, MEDISEP 2.0
Search aliases: MEDISEP; Kerala employee health; Kerala pensioner health; government employee insurance; cashless; MEDISEP 2.0; Kerala MEDISEP health insurance; government health scheme Kerala"
kerala-karunya-benevolent-fund,state,Kerala,Kerala Karunya Benevolent Fund,Government-supported financial assistance for eligible patients with specified serious illnesses and treatment needs.,"Eligibility is based on current Kerala medical, income and beneficiary requirements.","Karunya Benevolent Fund, KBF, Kerala medical aid, cancer aid, kidney disease, heart disease, poor patient",Karunya Benevolent Fund; KBF; Kerala medical aid; cancer aid; kidney disease; heart disease; poor patient; Kerala Karunya Benevolent Fund health insurance; government health scheme Kerala,scheme_discovery; eligibility; benefits,,,needs_verification,,,Seed metadata. Verify against the latest official government source before production eligibility decisions.,"Scheme: Kerala Karunya Benevolent Fund
Region: Kerala
Category: state
Description: Government-supported financial assistance for eligible patients with specified serious illnesses and treatment needs.
Eligibility: Eligibility is based on current Kerala medical, income and beneficiary requirements.
Keywords: Karunya Benevolent Fund, KBF, Kerala medical aid, cancer aid, kidney disease, heart disease, poor patient
Search aliases: Karunya Benevolent Fund; KBF; Kerala medical aid; cancer aid; kidney disease; heart disease; poor patient; Kerala Karunya Benevolent Fund health insurance; government health scheme Kerala"
madhya-pradesh-sambal-linked-health-assistance,state,Madhya Pradesh,Madhya Pradesh Sambal-linked health assistance,"Government welfare-linked support pathway for eligible registered workers and families, with health-related benefits administered under applicable state programmes.",Eligibility depends on registration under the relevant Madhya Pradesh welfare programme and current rules.,"Madhya Pradesh Sambal, worker welfare, health benefit, registered worker, MP health assistance",Madhya Pradesh Sambal; worker welfare; health benefit; registered worker; MP health assistance; Madhya Pradesh Sambal-linked health assistance health insurance; government health scheme Madhya Pradesh,scheme_discovery; eligibility; benefits; documents; application,,,needs_verification,,,Seed metadata. Verify against the latest official government source before production eligibility decisions.,"Scheme: Madhya Pradesh Sambal-linked health assistance
Region: Madhya Pradesh
Category: state
Description: Government welfare-linked support pathway for eligible registered workers and families, with health-related benefits administered under applicable state programmes.
Eligibility: Eligibility depends on registration under the relevant Madhya Pradesh welfare programme and current rules.
Keywords: Madhya Pradesh Sambal, worker welfare, health benefit, registered worker, MP health assistance
Search aliases: Madhya Pradesh Sambal; worker welfare; health benefit; registered worker; MP health assistance; Madhya Pradesh Sambal-linked health assistance health insurance; government health scheme Madhya Pradesh"
madhya-pradesh-government-employees-health-scheme,state,Madhya Pradesh,Madhya Pradesh Government Employees Health Scheme,Healthcare and reimbursement support for eligible Madhya Pradesh government employees and specified family members.,Eligible state government employees and dependants under current state employee medical rules.,"MP government employee health, Madhya Pradesh employee medical, pensioner, government health scheme",MP government employee health; Madhya Pradesh employee medical; pensioner; government health scheme; Madhya Pradesh Government Employees Health Scheme health insurance; government health scheme Madhya Pradesh,scheme_discovery; eligibility; benefits; employee_or_pensioner,,,needs_verification,,,Seed metadata. Verify against the latest official government source before production eligibility decisions.,"Scheme: Madhya Pradesh Government Employees Health Scheme
Region: Madhya Pradesh
Category: state
Description: Healthcare and reimbursement support for eligible Madhya Pradesh government employees and specified family members.
Eligibility: Eligible state government employees and dependants under current state employee medical rules.
Keywords: MP government employee health, Madhya Pradesh employee medical, pensioner, government health scheme
Search aliases: MP government employee health; Madhya Pradesh employee medical; pensioner; government health scheme; Madhya Pradesh Government Employees Health Scheme health insurance; government health scheme Madhya Pradesh"
manipur-chief-minister-gi-hakshelgi-tengbang-cmht,state,Manipur,Manipur Chief Minister-gi Hakshelgi Tengbang (CMHT),Manipur government health assurance scheme providing cashless treatment for eligible poor and vulnerable beneficiaries through government and empanelled hospitals.,Eligibility is based on the current Manipur beneficiary identification criteria and notified categories.,"CMHT, Hakshelgi Tengbang, Manipur health insurance, poor family, disabled, cashless treatment",CMHT; Hakshelgi Tengbang; Manipur health insurance; poor family; disabled; cashless treatment; Manipur Chief Minister-gi Hakshelgi Tengbang (CMHT) health insurance; government health scheme Manipur,scheme_discovery; eligibility; benefits; claims,,,needs_verification,,,Seed metadata. Verify against the latest official government source before production eligibility decisions.,"Scheme: Manipur Chief Minister-gi Hakshelgi Tengbang (CMHT)
Region: Manipur
Category: state
Description: Manipur government health assurance scheme providing cashless treatment for eligible poor and vulnerable beneficiaries through government and empanelled hospitals.
Eligibility: Eligibility is based on the current Manipur beneficiary identification criteria and notified categories.
Keywords: CMHT, Hakshelgi Tengbang, Manipur health insurance, poor family, disabled, cashless treatment
Search aliases: CMHT; Hakshelgi Tengbang; Manipur health insurance; poor family; disabled; cashless treatment; Manipur Chief Minister-gi Hakshelgi Tengbang (CMHT) health insurance; government health scheme Manipur"
manipur-state-illness-assistance-fund,state,Manipur,Manipur State Illness Assistance Fund,Financial assistance route for eligible patients requiring costly treatment for serious diseases.,"Eligibility depends on current state medical, income and treatment conditions.","Manipur illness assistance, medical grant, treatment aid, poor patient, serious disease",Manipur illness assistance; medical grant; treatment aid; poor patient; serious disease; Manipur State Illness Assistance Fund health insurance; government health scheme Manipur,scheme_discovery; eligibility; benefits,,,needs_verification,,,Seed metadata. Verify against the latest official government source before production eligibility decisions.,"Scheme: Manipur State Illness Assistance Fund
Region: Manipur
Category: state
Description: Financial assistance route for eligible patients requiring costly treatment for serious diseases.
Eligibility: Eligibility depends on current state medical, income and treatment conditions.
Keywords: Manipur illness assistance, medical grant, treatment aid, poor patient, serious disease
Search aliases: Manipur illness assistance; medical grant; treatment aid; poor patient; serious disease; Manipur State Illness Assistance Fund health insurance; government health scheme Manipur"
meghalaya-mhis-pm-jay-convergence,state,Meghalaya,Meghalaya MHIS / PM-JAY convergence,Meghalaya health assurance arrangement operating through MHIS and the PM-JAY framework for eligible beneficiaries.,Eligibility depends on the current Meghalaya beneficiary database and applicable PM-JAY/state rules.,"MHIS, Meghalaya health insurance, PMJAY Meghalaya, health card, cashless, Meghalaya family",MHIS; Meghalaya health insurance; PMJAY Meghalaya; health card; cashless; Meghalaya family; Meghalaya MHIS / PM-JAY convergence health insurance; government health scheme Meghalaya,scheme_discovery; eligibility; benefits; documents; claims,,,needs_verification,,,Seed metadata. Verify against the latest official government source before production eligibility decisions.,"Scheme: Meghalaya MHIS / PM-JAY convergence
Region: Meghalaya
Category: state
Description: Meghalaya health assurance arrangement operating through MHIS and the PM-JAY framework for eligible beneficiaries.
Eligibility: Eligibility depends on the current Meghalaya beneficiary database and applicable PM-JAY/state rules.
Keywords: MHIS, Meghalaya health insurance, PMJAY Meghalaya, health card, cashless, Meghalaya family
Search aliases: MHIS; Meghalaya health insurance; PMJAY Meghalaya; health card; cashless; Meghalaya family; Meghalaya MHIS / PM-JAY convergence health insurance; government health scheme Meghalaya"
nagaland-chief-minister-health-insurance-scheme-cmhis,state,Nagaland,Nagaland Chief Minister Health Insurance Scheme (CMHIS),Nagaland government health insurance programme supporting eligible residents and specified beneficiary categories for hospitalization.,Eligibility depends on Nagaland residency and current CMHIS category/enrolment rules.,"Nagaland CMHIS, chief minister health insurance, Nagaland health card, cashless, hospitalization",Nagaland CMHIS; chief minister health insurance; Nagaland health card; cashless; hospitalization; government health scheme Nagaland,scheme_discovery; eligibility; benefits; documents; application; claims,,,needs_verification,,,Seed metadata. Verify against the latest official government source before production eligibility decisions.,"Scheme: Nagaland Chief Minister Health Insurance Scheme (CMHIS)
Region: Nagaland
Category: state
Description: Nagaland government health insurance programme supporting eligible residents and specified beneficiary categories for hospitalization.
Eligibility: Eligibility depends on Nagaland residency and current CMHIS category/enrolment rules.
Keywords: Nagaland CMHIS, chief minister health insurance, Nagaland health card, cashless, hospitalization
Search aliases: Nagaland CMHIS; chief minister health insurance; Nagaland health card; cashless; hospitalization; government health scheme Nagaland"
nagaland-government-employee-health-scheme,state,Nagaland,Nagaland Government Employee Health Scheme,Healthcare support arrangement for eligible Nagaland government employees and covered dependants.,Eligible government employees and dependants under current Nagaland service and medical rules.,"Nagaland employee health, government employee medical, pensioner health, state employee scheme",Nagaland employee health; government employee medical; pensioner health; state employee scheme; Nagaland Government Employee Health Scheme health insurance; government health scheme Nagaland,scheme_discovery; eligibility; benefits; employee_or_pensioner,,,needs_verification,,,Seed metadata. Verify against the latest official government source before production eligibility decisions.,"Scheme: Nagaland Government Employee Health Scheme
Region: Nagaland
Category: state
Description: Healthcare support arrangement for eligible Nagaland government employees and covered dependants.
Eligibility: Eligible government employees and dependants under current Nagaland service and medical rules.
Keywords: Nagaland employee health, government employee medical, pensioner health, state employee scheme
Search aliases: Nagaland employee health; government employee medical; pensioner health; state employee scheme; Nagaland Government Employee Health Scheme health insurance; government health scheme Nagaland"
odisha-gopabandhu-jana-arogya-yojana-gjay,state,Odisha,Odisha Gopabandhu Jana Arogya Yojana (GJAY),Odisha government health assurance programme providing cashless treatment to eligible residents through government and empanelled facilities.,Eligibility follows Odisha's current beneficiary and household/category rules.,"GJAY, Gopabandhu Jana Arogya Yojana, Odisha health insurance, Odisha health card, cashless treatment",GJAY; Gopabandhu Jana Arogya Yojana; Odisha health insurance; Odisha health card; cashless treatment; Odisha Gopabandhu Jana Arogya Yojana (GJAY) health insurance; government health scheme Odisha,scheme_discovery; eligibility; benefits; documents; claims,,,needs_verification,,,Seed metadata. Verify against the latest official government source before production eligibility decisions.,"Scheme: Odisha Gopabandhu Jana Arogya Yojana (GJAY)
Region: Odisha
Category: state
Description: Odisha government health assurance programme providing cashless treatment to eligible residents through government and empanelled facilities.
Eligibility: Eligibility follows Odisha's current beneficiary and household/category rules.
Keywords: GJAY, Gopabandhu Jana Arogya Yojana, Odisha health insurance, Odisha health card, cashless treatment
Search aliases: GJAY; Gopabandhu Jana Arogya Yojana; Odisha health insurance; Odisha health card; cashless treatment; Odisha Gopabandhu Jana Arogya Yojana (GJAY) health insurance; government health scheme Odisha"
odisha-biju-swasthya-kalyan-yojana-women-family-coverage-pathway,state,Odisha,Odisha Biju Swasthya Kalyan Yojana – women/family coverage pathway,"State health assurance pathway within Odisha's government-funded healthcare framework, including eligible household beneficiaries.",Eligibility depends on current Odisha scheme rules and beneficiary identification.,"BSKY, Odisha family health, women health cover, cashless, government health insurance",BSKY; Odisha family health; women health cover; cashless; government health insurance; Odisha Biju Swasthya Kalyan Yojana – women/family coverage pathway health insurance; government health scheme Odisha,scheme_discovery; eligibility; benefits; claims,,,needs_verification,,,Seed metadata. Verify against the latest official government source before production eligibility decisions.,"Scheme: Odisha Biju Swasthya Kalyan Yojana – women/family coverage pathway
Region: Odisha
Category: state
Description: State health assurance pathway within Odisha's government-funded healthcare framework, including eligible household beneficiaries.
Eligibility: Eligibility depends on current Odisha scheme rules and beneficiary identification.
Keywords: BSKY, Odisha family health, women health cover, cashless, government health insurance
Search aliases: BSKY; Odisha family health; women health cover; cashless; government health insurance; Odisha Biju Swasthya Kalyan Yojana – women/family coverage pathway health insurance; government health scheme Odisha"
punjab-state-health-insurance-scheme,state,Punjab,Punjab State Health Insurance Scheme,Government health protection pathway for eligible Punjab beneficiaries under state and converged health assurance programmes.,Eligibility depends on the current Punjab beneficiary database and notified categories.,"Punjab health insurance, state health scheme, Ayushman Punjab, cashless treatment, health card",Punjab health insurance; state health scheme; Ayushman Punjab; cashless treatment; health card; government health scheme Punjab,scheme_discovery; eligibility; benefits; documents; claims,,,needs_verification,,,Seed metadata. Verify against the latest official government source before production eligibility decisions.,"Scheme: Punjab State Health Insurance Scheme
Region: Punjab
Category: state
Description: Government health protection pathway for eligible Punjab beneficiaries under state and converged health assurance programmes.
Eligibility: Eligibility depends on the current Punjab beneficiary database and notified categories.
Keywords: Punjab health insurance, state health scheme, Ayushman Punjab, cashless treatment, health card
Search aliases: Punjab health insurance; state health scheme; Ayushman Punjab; cashless treatment; health card; government health scheme Punjab"
rajasthan-rghs-rajasthan-government-health-scheme,state,Rajasthan,Rajasthan RGHS – Rajasthan Government Health Scheme,"Government health scheme providing cashless healthcare to eligible Rajasthan government employees, pensioners and other notified categories.","Eligible Rajasthan government employees, pensioners and covered dependants under RGHS rules.","RGHS, Rajasthan Government Health Scheme, government employee, pensioner, Rajasthan health, cashless",RGHS; Rajasthan Government Health Scheme; government employee; pensioner; Rajasthan health; cashless; Rajasthan RGHS – Rajasthan Government Health Scheme health insurance; government health scheme Rajasthan,scheme_discovery; eligibility; benefits; claims; employee_or_pensioner,,,needs_verification,,,Seed metadata. Verify against the latest official government source before production eligibility decisions.,"Scheme: Rajasthan RGHS – Rajasthan Government Health Scheme
Region: Rajasthan
Category: state
Description: Government health scheme providing cashless healthcare to eligible Rajasthan government employees, pensioners and other notified categories.
Eligibility: Eligible Rajasthan government employees, pensioners and covered dependants under RGHS rules.
Keywords: RGHS, Rajasthan Government Health Scheme, government employee, pensioner, Rajasthan health, cashless
Search aliases: RGHS; Rajasthan Government Health Scheme; government employee; pensioner; Rajasthan health; cashless; Rajasthan RGHS – Rajasthan Government Health Scheme health insurance; government health scheme Rajasthan"
rajasthan-mukhyamantri-ayushman-arogya-yojana-maa-yojana,state,Rajasthan,Rajasthan Mukhyamantri Ayushman Arogya Yojana (MAA-Yojana),State health assurance programme providing cashless treatment for eligible Rajasthan residents under the current state framework.,Eligibility follows current Rajasthan beneficiary/enrolment rules and applicable categories.,"MAA Yojana, Mukhyamantri Ayushman Arogya, Rajasthan health insurance, Chiranjeevi, cashless, health card",MAA Yojana; Mukhyamantri Ayushman Arogya; Rajasthan health insurance; Chiranjeevi; cashless; health card; Rajasthan Mukhyamantri Ayushman Arogya Yojana (MAA-Yojana) health insurance; government health scheme Rajasthan,scheme_discovery; eligibility; benefits; documents; application; claims,,,needs_verification,,,Seed metadata. Verify against the latest official government source before production eligibility decisions.,"Scheme: Rajasthan Mukhyamantri Ayushman Arogya Yojana (MAA-Yojana)
Region: Rajasthan
Category: state
Description: State health assurance programme providing cashless treatment for eligible Rajasthan residents under the current state framework.
Eligibility: Eligibility follows current Rajasthan beneficiary/enrolment rules and applicable categories.
Keywords: MAA Yojana, Mukhyamantri Ayushman Arogya, Rajasthan health insurance, Chiranjeevi, cashless, health card
Search aliases: MAA Yojana; Mukhyamantri Ayushman Arogya; Rajasthan health insurance; Chiranjeevi; cashless; health card; Rajasthan Mukhyamantri Ayushman Arogya Yojana (MAA-Yojana) health insurance; government health scheme Rajasthan"
sikkim-chief-minister-s-comprehensive-health-insurance-scheme,state,Sikkim,Sikkim Chief Minister's Comprehensive Health Insurance Scheme,Government health protection programme for eligible Sikkim residents under the state's health assurance framework.,Eligibility depends on Sikkim residency and current notified beneficiary rules.,"Sikkim CM health insurance, Sikkim health scheme, health card, cashless, state insurance",Sikkim CM health insurance; Sikkim health scheme; health card; cashless; state insurance; government health scheme Sikkim,scheme_discovery; eligibility; benefits; documents; claims,,,needs_verification,,,Seed metadata. Verify against the latest official government source before production eligibility decisions.,"Scheme: Sikkim Chief Minister's Comprehensive Health Insurance Scheme
Region: Sikkim
Category: state
Description: Government health protection programme for eligible Sikkim residents under the state's health assurance framework.
Eligibility: Eligibility depends on Sikkim residency and current notified beneficiary rules.
Keywords: Sikkim CM health insurance, Sikkim health scheme, health card, cashless, state insurance
Search aliases: Sikkim CM health insurance; Sikkim health scheme; health card; cashless; state insurance; government health scheme Sikkim"
sikkim-government-employee-medical-scheme,state,Sikkim,Sikkim Government Employee Medical Scheme,Medical benefit framework for eligible Sikkim government employees and covered dependants.,Eligible state government employees and dependants under current Sikkim service/medical rules.,"Sikkim employee health, government employee medical, pensioner, state health scheme",Sikkim employee health; government employee medical; pensioner; state health scheme; Sikkim Government Employee Medical Scheme health insurance; government health scheme Sikkim,scheme_discovery; eligibility; benefits; employee_or_pensioner,,,needs_verification,,,Seed metadata. Verify against the latest official government source before production eligibility decisions.,"Scheme: Sikkim Government Employee Medical Scheme
Region: Sikkim
Category: state
Description: Medical benefit framework for eligible Sikkim government employees and covered dependants.
Eligibility: Eligible state government employees and dependants under current Sikkim service/medical rules.
Keywords: Sikkim employee health, government employee medical, pensioner, state health scheme
Search aliases: Sikkim employee health; government employee medical; pensioner; state health scheme; Sikkim Government Employee Medical Scheme health insurance; government health scheme Sikkim"
tamil-nadu-comprehensive-health-insurance-scheme-special-coverage-pathways,state,Tamil Nadu,Tamil Nadu Comprehensive Health Insurance Scheme – Special Coverage Pathways,CMCHIS includes specific beneficiary and treatment pathways administered under Tamil Nadu's current scheme rules.,"Eligibility depends on the current CMCHIS beneficiary database, residence and notified household/income/category rules.","CMCHIS special category, Tamil Nadu health card, TN health insurance, cashless, government hospital, empanelled hospital",CMCHIS special category; Tamil Nadu health card; TN health insurance; cashless; government hospital; empanelled hospital; government health scheme Tamil Nadu,scheme_discovery; eligibility; benefits; documents; claims,,,needs_verification,,,Seed metadata. Verify against the latest official government source before production eligibility decisions.,"Scheme: Tamil Nadu Comprehensive Health Insurance Scheme – Special Coverage Pathways
Region: Tamil Nadu
Category: state
Description: CMCHIS includes specific beneficiary and treatment pathways administered under Tamil Nadu's current scheme rules.
Eligibility: Eligibility depends on the current CMCHIS beneficiary database, residence and notified household/income/category rules.
Keywords: CMCHIS special category, Tamil Nadu health card, TN health insurance, cashless, government hospital, empanelled hospital
Search aliases: CMCHIS special category; Tamil Nadu health card; TN health insurance; cashless; government hospital; empanelled hospital; government health scheme Tamil Nadu"
tamil-nadu-government-employees-new-health-insurance-scheme,state,Tamil Nadu,Tamil Nadu Government Employees New Health Insurance Scheme,Health insurance programme for eligible Tamil Nadu government employees and their covered family members.,Serving Tamil Nadu government employees and eligible family members under current NHIS rules.,"TN NHIS, government employee insurance, Tamil Nadu staff, employee health card, cashless, family health",TN NHIS; government employee insurance; Tamil Nadu staff; employee health card; cashless; family health; government health scheme Tamil Nadu,scheme_discovery; eligibility; benefits; documents; claims; employee_or_pensioner,,,needs_verification,,,Seed metadata. Verify against the latest official government source before production eligibility decisions.,"Scheme: Tamil Nadu Government Employees New Health Insurance Scheme
Region: Tamil Nadu
Category: state
Description: Health insurance programme for eligible Tamil Nadu government employees and their covered family members.
Eligibility: Serving Tamil Nadu government employees and eligible family members under current NHIS rules.
Keywords: TN NHIS, government employee insurance, Tamil Nadu staff, employee health card, cashless, family health
Search aliases: TN NHIS; government employee insurance; Tamil Nadu staff; employee health card; cashless; family health; government health scheme Tamil Nadu"
telangana-aarogyasri-health-insurance-scheme,state,Andhra Pradesh,Telangana Aarogyasri Health Insurance Scheme,Telangana government health assurance programme providing cashless treatment for eligible low-income families through network hospitals.,Eligibility follows the current Telangana Aarogyasri beneficiary database and state rules.,"Telangana Aarogyasri, Aarogyasri card, Telangana health insurance, poor family, cashless, network hospital",Telangana Aarogyasri; Aarogyasri card; Telangana health insurance; poor family; cashless; network hospital; government health scheme Andhra Pradesh,scheme_discovery; eligibility; benefits; documents; claims,,,needs_verification,,,Seed metadata. Verify against the latest official government source before production eligibility decisions.,"Scheme: Telangana Aarogyasri Health Insurance Scheme
Region: Andhra Pradesh
Category: state
Description: Telangana government health assurance programme providing cashless treatment for eligible low-income families through network hospitals.
Eligibility: Eligibility follows the current Telangana Aarogyasri beneficiary database and state rules.
Keywords: Telangana Aarogyasri, Aarogyasri card, Telangana health insurance, poor family, cashless, network hospital
Search aliases: Telangana Aarogyasri; Aarogyasri card; Telangana health insurance; poor family; cashless; network hospital; government health scheme Andhra Pradesh"
telangana-employees-journalists-health-scheme-ejhs,state,Telangana,Telangana Employees & Journalists Health Scheme (EJHS),"Cashless healthcare scheme for eligible Telangana government employees, pensioners and accredited journalists and their dependants.",Eligibility depends on employment/pension/accreditation category and current Telangana EJHS rules.,"EJHS, Telangana employee health, pensioner, journalist health scheme, cashless, government employee",EJHS; Telangana employee health; pensioner; journalist health scheme; cashless; government employee; Telangana Employees & Journalists Health Scheme (EJHS) health insurance; government health scheme Telangana,scheme_discovery; eligibility; benefits; claims; employee_or_pensioner,,,needs_verification,,,Seed metadata. Verify against the latest official government source before production eligibility decisions.,"Scheme: Telangana Employees & Journalists Health Scheme (EJHS)
Region: Telangana
Category: state
Description: Cashless healthcare scheme for eligible Telangana government employees, pensioners and accredited journalists and their dependants.
Eligibility: Eligibility depends on employment/pension/accreditation category and current Telangana EJHS rules.
Keywords: EJHS, Telangana employee health, pensioner, journalist health scheme, cashless, government employee
Search aliases: EJHS; Telangana employee health; pensioner; journalist health scheme; cashless; government employee; Telangana Employees & Journalists Health Scheme (EJHS) health insurance; government health scheme Telangana"
uttar-pradesh-mukhyamantri-jan-arogya-abhiyan,state,Uttar Pradesh,Uttar Pradesh Mukhyamantri Jan Arogya Abhiyan,Uttar Pradesh state expansion pathway for government-funded health assurance for eligible households outside or alongside PM-JAY beneficiary groups.,Eligibility follows current UP state beneficiary categories and notified household criteria.,"MMJAA, UP Jan Arogya, Uttar Pradesh health insurance, Ayushman UP, health card, cashless",MMJAA; UP Jan Arogya; Uttar Pradesh health insurance; Ayushman UP; health card; cashless; Uttar Pradesh Mukhyamantri Jan Arogya Abhiyan health insurance; government health scheme Uttar Pradesh,scheme_discovery; eligibility; benefits; documents; claims,,,needs_verification,,,Seed metadata. Verify against the latest official government source before production eligibility decisions.,"Scheme: Uttar Pradesh Mukhyamantri Jan Arogya Abhiyan
Region: Uttar Pradesh
Category: state
Description: Uttar Pradesh state expansion pathway for government-funded health assurance for eligible households outside or alongside PM-JAY beneficiary groups.
Eligibility: Eligibility follows current UP state beneficiary categories and notified household criteria.
Keywords: MMJAA, UP Jan Arogya, Uttar Pradesh health insurance, Ayushman UP, health card, cashless
Search aliases: MMJAA; UP Jan Arogya; Uttar Pradesh health insurance; Ayushman UP; health card; cashless; Uttar Pradesh Mukhyamantri Jan Arogya Abhiyan health insurance; government health scheme Uttar Pradesh"
uttarakhand-atal-ayushman-uttarakhand-yojana,state,Uttarakhand,Uttarakhand Atal Ayushman Uttarakhand Yojana,State health assurance programme providing cashless treatment for eligible Uttarakhand residents under the state/PM-JAY framework.,Eligibility follows current Uttarakhand beneficiary identification and state rules.,"Atal Ayushman Uttarakhand, AAUY, Uttarakhand health card, PMJAY UK, cashless, state health",Atal Ayushman Uttarakhand; AAUY; Uttarakhand health card; PMJAY UK; cashless; state health; Uttarakhand Atal Ayushman Uttarakhand Yojana health insurance; government health scheme Uttarakhand,scheme_discovery; eligibility; benefits; documents; claims,,,needs_verification,,,Seed metadata. Verify against the latest official government source before production eligibility decisions.,"Scheme: Uttarakhand Atal Ayushman Uttarakhand Yojana
Region: Uttarakhand
Category: state
Description: State health assurance programme providing cashless treatment for eligible Uttarakhand residents under the state/PM-JAY framework.
Eligibility: Eligibility follows current Uttarakhand beneficiary identification and state rules.
Keywords: Atal Ayushman Uttarakhand, AAUY, Uttarakhand health card, PMJAY UK, cashless, state health
Search aliases: Atal Ayushman Uttarakhand; AAUY; Uttarakhand health card; PMJAY UK; cashless; state health; Uttarakhand Atal Ayushman Uttarakhand Yojana health insurance; government health scheme Uttarakhand"
uttarakhand-state-government-health-scheme-sghs,state,Uttarakhand,Uttarakhand State Government Health Scheme (SGHS),"Cashless health scheme for eligible Uttarakhand state government employees, pensioners and dependants.",Eligibility depends on Uttarakhand government employment/pension status and current SGHS rules.,"Uttarakhand SGHS, government employee health, pensioner health, cashless, state employee",Uttarakhand SGHS; government employee health; pensioner health; cashless; state employee; Uttarakhand State Government Health Scheme (SGHS) health insurance; government health scheme Uttarakhand,scheme_discovery; eligibility; benefits; claims; employee_or_pensioner,,,needs_verification,,,Seed metadata. Verify against the latest official government source before production eligibility decisions.,"Scheme: Uttarakhand State Government Health Scheme (SGHS)
Region: Uttarakhand
Category: state
Description: Cashless health scheme for eligible Uttarakhand state government employees, pensioners and dependants.
Eligibility: Eligibility depends on Uttarakhand government employment/pension status and current SGHS rules.
Keywords: Uttarakhand SGHS, government employee health, pensioner health, cashless, state employee
Search aliases: Uttarakhand SGHS; government employee health; pensioner health; cashless; state employee; Uttarakhand State Government Health Scheme (SGHS) health insurance; government health scheme Uttarakhand"
west-bengal-swasthya-sathi-family-health-cover,state,West Bengal,West Bengal Swasthya Sathi – family health cover,West Bengal government health assurance scheme providing cashless secondary and tertiary hospitalization support to eligible families.,Eligibility follows current West Bengal Swasthya Sathi beneficiary rules and exclusions.,"Swasthya Sathi, West Bengal health card, WB health insurance, cashless, family health, Duare Sarkar",Swasthya Sathi; West Bengal health card; WB health insurance; cashless; family health; Duare Sarkar; West Bengal Swasthya Sathi – family health cover health insurance; government health scheme West Bengal,scheme_discovery; eligibility; benefits; documents; claims,,,needs_verification,,,Seed metadata. Verify against the latest official government source before production eligibility decisions.,"Scheme: West Bengal Swasthya Sathi – family health cover
Region: West Bengal
Category: state
Description: West Bengal government health assurance scheme providing cashless secondary and tertiary hospitalization support to eligible families.
Eligibility: Eligibility follows current West Bengal Swasthya Sathi beneficiary rules and exclusions.
Keywords: Swasthya Sathi, West Bengal health card, WB health insurance, cashless, family health, Duare Sarkar
Search aliases: Swasthya Sathi; West Bengal health card; WB health insurance; cashless; family health; Duare Sarkar; West Bengal Swasthya Sathi – family health cover health insurance; government health scheme West Bengal"
jammu-kashmir-ab-pmjay-sehat,state,Jammu & Kashmir,Jammu & Kashmir AB-PMJAY SEHAT,Government health assurance programme providing cashless hospitalization to eligible J&K residents through the PM-JAY network.,Eligibility depends on current J&K residency/beneficiary identification and SEHAT rules.,"J&K SEHAT, PMJAY SEHAT, Jammu Kashmir health insurance, Ayushman card, cashless, health card",J&K SEHAT; PMJAY SEHAT; Jammu Kashmir health insurance; Ayushman card; cashless; health card; Jammu & Kashmir AB-PMJAY SEHAT health insurance; government health scheme Jammu & Kashmir,scheme_discovery; eligibility; benefits; documents; claims,,,needs_verification,,,Seed metadata. Verify against the latest official government source before production eligibility decisions.,"Scheme: Jammu & Kashmir AB-PMJAY SEHAT
Region: Jammu & Kashmir
Category: state
Description: Government health assurance programme providing cashless hospitalization to eligible J&K residents through the PM-JAY network.
Eligibility: Eligibility depends on current J&K residency/beneficiary identification and SEHAT rules.
Keywords: J&K SEHAT, PMJAY SEHAT, Jammu Kashmir health insurance, Ayushman card, cashless, health card
Search aliases: J&K SEHAT; PMJAY SEHAT; Jammu Kashmir health insurance; Ayushman card; cashless; health card; Jammu & Kashmir AB-PMJAY SEHAT health insurance; government health scheme Jammu & Kashmir"
ladakh-ab-pmjay-health-assurance,state,Ladakh,Ladakh AB-PMJAY health assurance,Government health assurance access for eligible Ladakh residents through the applicable PM-JAY/UT implementation framework.,Eligibility follows current Ladakh beneficiary and PM-JAY/UT rules.,"Ladakh PMJAY, Ladakh health insurance, Ayushman card, cashless treatment, UT health scheme",Ladakh PMJAY; Ladakh health insurance; Ayushman card; cashless treatment; UT health scheme; Ladakh AB-PMJAY health assurance health insurance; government health scheme Ladakh,scheme_discovery; eligibility; benefits; documents; claims,,,needs_verification,,,Seed metadata. Verify against the latest official government source before production eligibility decisions.,"Scheme: Ladakh AB-PMJAY health assurance
Region: Ladakh
Category: state
Description: Government health assurance access for eligible Ladakh residents through the applicable PM-JAY/UT implementation framework.
Eligibility: Eligibility follows current Ladakh beneficiary and PM-JAY/UT rules.
Keywords: Ladakh PMJAY, Ladakh health insurance, Ayushman card, cashless treatment, UT health scheme
Search aliases: Ladakh PMJAY; Ladakh health insurance; Ayushman card; cashless treatment; UT health scheme; Ladakh AB-PMJAY health assurance health insurance; government health scheme Ladakh"
andaman-nicobar-islands-pm-jay-health-assurance,state,Andaman & Nicobar Islands,Andaman & Nicobar Islands PM-JAY health assurance,Government-funded health assurance access for eligible beneficiaries through the applicable PM-JAY/UT framework.,Eligibility follows current beneficiary identification and PM-JAY/UT rules.,"Andaman Nicobar PMJAY, island health insurance, Ayushman card, cashless hospitalization, UT health",Andaman Nicobar PMJAY; island health insurance; Ayushman card; cashless hospitalization; UT health; Andaman & Nicobar Islands PM-JAY health assurance health insurance; government health scheme Andaman & Nicobar Islands,scheme_discovery; eligibility; benefits; documents; claims,,,needs_verification,,,Seed metadata. Verify against the latest official government source before production eligibility decisions.,"Scheme: Andaman & Nicobar Islands PM-JAY health assurance
Region: Andaman & Nicobar Islands
Category: state
Description: Government-funded health assurance access for eligible beneficiaries through the applicable PM-JAY/UT framework.
Eligibility: Eligibility follows current beneficiary identification and PM-JAY/UT rules.
Keywords: Andaman Nicobar PMJAY, island health insurance, Ayushman card, cashless hospitalization, UT health
Search aliases: Andaman Nicobar PMJAY; island health insurance; Ayushman card; cashless hospitalization; UT health; Andaman & Nicobar Islands PM-JAY health assurance health insurance; government health scheme Andaman & Nicobar Islands"
chandigarh-government-employee-health-scheme,state,Chandigarh,Chandigarh Government Employee Health Scheme,Medical benefit/reimbursement arrangement for eligible Chandigarh Administration employees and covered beneficiaries.,"Eligible Chandigarh Administration employees, pensioners and family members under applicable service/medical rules.","Chandigarh employee health, government employee medical, Chandigarh pensioner, health scheme",Chandigarh employee health; government employee medical; Chandigarh pensioner; health scheme; Chandigarh Government Employee Health Scheme health insurance; government health scheme Chandigarh,scheme_discovery; eligibility; benefits; employee_or_pensioner,,,needs_verification,,,Seed metadata. Verify against the latest official government source before production eligibility decisions.,"Scheme: Chandigarh Government Employee Health Scheme
Region: Chandigarh
Category: state
Description: Medical benefit/reimbursement arrangement for eligible Chandigarh Administration employees and covered beneficiaries.
Eligibility: Eligible Chandigarh Administration employees, pensioners and family members under applicable service/medical rules.
Keywords: Chandigarh employee health, government employee medical, Chandigarh pensioner, health scheme
Search aliases: Chandigarh employee health; government employee medical; Chandigarh pensioner; health scheme; Chandigarh Government Employee Health Scheme health insurance; government health scheme Chandigarh"
dadra-nagar-haveli-and-daman-diu-pm-jay-health-assurance,state,Dadra & Nagar Haveli and Daman & Diu,Dadra & Nagar Haveli and Daman & Diu PM-JAY health assurance,Government-funded health assurance pathway for eligible UT beneficiaries through PM-JAY and applicable UT arrangements.,Eligibility follows current UT beneficiary identification and PM-JAY rules.,"Dadra Nagar Haveli, Daman Diu, PMJAY, Ayushman card, UT health insurance, cashless",Dadra Nagar Haveli; Daman Diu; PMJAY; Ayushman card; UT health insurance; cashless; Dadra & Nagar Haveli and Daman & Diu PM-JAY health assurance health insurance; government health scheme Dadra & Nagar Haveli and Daman & Diu,scheme_discovery; eligibility; benefits; documents; claims,,,needs_verification,,,Seed metadata. Verify against the latest official government source before production eligibility decisions.,"Scheme: Dadra & Nagar Haveli and Daman & Diu PM-JAY health assurance
Region: Dadra & Nagar Haveli and Daman & Diu
Category: state
Description: Government-funded health assurance pathway for eligible UT beneficiaries through PM-JAY and applicable UT arrangements.
Eligibility: Eligibility follows current UT beneficiary identification and PM-JAY rules.
Keywords: Dadra Nagar Haveli, Daman Diu, PMJAY, Ayushman card, UT health insurance, cashless
Search aliases: Dadra Nagar Haveli; Daman Diu; PMJAY; Ayushman card; UT health insurance; cashless; Dadra & Nagar Haveli and Daman & Diu PM-JAY health assurance health insurance; government health scheme Dadra & Nagar Haveli and Daman & Diu"
lakshadweep-pm-jay-health-assurance,state,Lakshadweep,Lakshadweep PM-JAY health assurance,Government health assurance access for eligible Lakshadweep residents through the applicable PM-JAY/UT health framework.,Eligibility follows current PM-JAY/UT beneficiary rules.,"Lakshadweep PMJAY, island health, Ayushman card, cashless treatment, UT health insurance",Lakshadweep PMJAY; island health; Ayushman card; cashless treatment; UT health insurance; Lakshadweep PM-JAY health assurance health insurance; government health scheme Lakshadweep,scheme_discovery; eligibility; benefits; documents; claims,,,needs_verification,,,Seed metadata. Verify against the latest official government source before production eligibility decisions.,"Scheme: Lakshadweep PM-JAY health assurance
Region: Lakshadweep
Category: state
Description: Government health assurance access for eligible Lakshadweep residents through the applicable PM-JAY/UT health framework.
Eligibility: Eligibility follows current PM-JAY/UT beneficiary rules.
Keywords: Lakshadweep PMJAY, island health, Ayushman card, cashless treatment, UT health insurance
Search aliases: Lakshadweep PMJAY; island health; Ayushman card; cashless treatment; UT health insurance; Lakshadweep PM-JAY health assurance health insurance; government health scheme Lakshadweep"
puducherry-chief-minister-s-comprehensive-health-insurance-scheme,state,Puducherry,Puducherry Chief Minister's Comprehensive Health Insurance Scheme,Government health protection arrangement for eligible Puducherry residents for specified hospitalization services.,"Eligibility depends on current Puducherry residency, beneficiary category and scheme enrolment rules.","Puducherry CM health insurance, CMCHIS Puducherry, health card, cashless, UT health insurance",Puducherry CM health insurance; CMCHIS Puducherry; health card; cashless; UT health insurance; government health scheme Puducherry,scheme_discovery; eligibility; benefits; documents; application; claims,,,needs_verification,,,Seed metadata. Verify against the latest official government source before production eligibility decisions.,"Scheme: Puducherry Chief Minister's Comprehensive Health Insurance Scheme
Region: Puducherry
Category: state
Description: Government health protection arrangement for eligible Puducherry residents for specified hospitalization services.
Eligibility: Eligibility depends on current Puducherry residency, beneficiary category and scheme enrolment rules.
Keywords: Puducherry CM health insurance, CMCHIS Puducherry, health card, cashless, UT health insurance
Search aliases: Puducherry CM health insurance; CMCHIS Puducherry; health card; cashless; UT health insurance; government health scheme Puducherry"
tripura-chief-minister-s-health-insurance-scheme,state,Tripura,Tripura Chief Minister's Health Insurance Scheme,State health assurance pathway for eligible Tripura residents and specified beneficiary categories.,Eligibility depends on current Tripura beneficiary and enrolment rules.,"Tripura health insurance, CM health scheme, Tripura health card, cashless, state health assurance",Tripura health insurance; CM health scheme; Tripura health card; cashless; state health assurance; government health scheme Tripura,scheme_discovery; eligibility; benefits; documents; application; claims,,,needs_verification,,,Seed metadata. Verify against the latest official government source before production eligibility decisions.,"Scheme: Tripura Chief Minister's Health Insurance Scheme
Region: Tripura
Category: state
Description: State health assurance pathway for eligible Tripura residents and specified beneficiary categories.
Eligibility: Eligibility depends on current Tripura beneficiary and enrolment rules.
Keywords: Tripura health insurance, CM health scheme, Tripura health card, cashless, state health assurance
Search aliases: Tripura health insurance; CM health scheme; Tripura health card; cashless; state health assurance; government health scheme Tripura"
tripura-government-employee-health-scheme,state,Tripura,Tripura Government Employee Health Scheme,Medical support arrangement for eligible Tripura government employees and dependants.,Eligible state employees and covered family members under current Tripura service and medical rules.,"Tripura employee health, government employee medical, pensioner, state health scheme",Tripura employee health; government employee medical; pensioner; state health scheme; Tripura Government Employee Health Scheme health insurance; government health scheme Tripura,scheme_discovery; eligibility; benefits; employee_or_pensioner,,,needs_verification,,,Seed metadata. Verify against the latest official government source before production eligibility decisions.,"Scheme: Tripura Government Employee Health Scheme
Region: Tripura
Category: state
Description: Medical support arrangement for eligible Tripura government employees and dependants.
Eligibility: Eligible state employees and covered family members under current Tripura service and medical rules.
Keywords: Tripura employee health, government employee medical, pensioner, state health scheme
Search aliases: Tripura employee health; government employee medical; pensioner; state health scheme; Tripura Government Employee Health Scheme health insurance; government health scheme Tripura"
meghalaya-state-government-employee-health-scheme,state,Meghalaya,Meghalaya State Government Employee Health Scheme,Healthcare support arrangement for eligible Meghalaya government employees and covered dependants.,Eligible Meghalaya government employees and dependants under current service/medical rules.,"Meghalaya employee health, government staff, pensioner, state employee medical",Meghalaya employee health; government staff; pensioner; state employee medical; Meghalaya State Government Employee Health Scheme health insurance; government health scheme Meghalaya,scheme_discovery; eligibility; benefits; employee_or_pensioner,,,needs_verification,,,Seed metadata. Verify against the latest official government source before production eligibility decisions.,"Scheme: Meghalaya State Government Employee Health Scheme
Region: Meghalaya
Category: state
Description: Healthcare support arrangement for eligible Meghalaya government employees and covered dependants.
Eligibility: Eligible Meghalaya government employees and dependants under current service/medical rules.
Keywords: Meghalaya employee health, government staff, pensioner, state employee medical
Search aliases: Meghalaya employee health; government staff; pensioner; state employee medical; Meghalaya State Government Employee Health Scheme health insurance; government health scheme Meghalaya"
mizoram-government-employee-medical-scheme,state,Mizoram,Mizoram Government Employee Medical Scheme,Medical benefit arrangement for eligible Mizoram government employees and covered dependants.,Eligible state government employees and family members under applicable Mizoram rules.,"Mizoram employee health, government staff medical, pensioner, state health",Mizoram employee health; government staff medical; pensioner; state health; Mizoram Government Employee Medical Scheme health insurance; government health scheme Mizoram,scheme_discovery; eligibility; benefits; employee_or_pensioner,,,needs_verification,,,Seed metadata. Verify against the latest official government source before production eligibility decisions.,"Scheme: Mizoram Government Employee Medical Scheme
Region: Mizoram
Category: state
Description: Medical benefit arrangement for eligible Mizoram government employees and covered dependants.
Eligibility: Eligible state government employees and family members under applicable Mizoram rules.
Keywords: Mizoram employee health, government staff medical, pensioner, state health
Search aliases: Mizoram employee health; government staff medical; pensioner; state health; Mizoram Government Employee Medical Scheme health insurance; government health scheme Mizoram"
manipur-government-employee-health-scheme,state,Manipur,Manipur Government Employee Health Scheme,Healthcare benefit arrangement for eligible Manipur government employees and covered dependants.,Eligible state government employees and family members under current service/medical rules.,"Manipur employee health, government employee medical, pensioner, state health",Manipur employee health; government employee medical; pensioner; state health; Manipur Government Employee Health Scheme health insurance; government health scheme Manipur,scheme_discovery; eligibility; benefits; employee_or_pensioner,,,needs_verification,,,Seed metadata. Verify against the latest official government source before production eligibility decisions.,"Scheme: Manipur Government Employee Health Scheme
Region: Manipur
Category: state
Description: Healthcare benefit arrangement for eligible Manipur government employees and covered dependants.
Eligibility: Eligible state government employees and family members under current service/medical rules.
Keywords: Manipur employee health, government employee medical, pensioner, state health
Search aliases: Manipur employee health; government employee medical; pensioner; state health; Manipur Government Employee Health Scheme health insurance; government health scheme Manipur"
goa-dayanand-social-security-medical-assistance-pathway,state,Goa,Goa Dayanand Social Security / medical assistance pathway,"State welfare-linked assistance route that may support eligible vulnerable residents, with exact medical benefits depending on the applicable programme.",Eligibility varies by welfare category and current Goa government rules.,"Goa welfare, medical assistance, vulnerable resident, Goa health benefit, social security",Goa welfare; medical assistance; vulnerable resident; Goa health benefit; social security; Goa Dayanand Social Security / medical assistance pathway health insurance; government health scheme Goa,scheme_discovery; eligibility; benefits,,,needs_verification,,,Seed metadata. Verify against the latest official government source before production eligibility decisions.,"Scheme: Goa Dayanand Social Security / medical assistance pathway
Region: Goa
Category: state
Description: State welfare-linked assistance route that may support eligible vulnerable residents, with exact medical benefits depending on the applicable programme.
Eligibility: Eligibility varies by welfare category and current Goa government rules.
Keywords: Goa welfare, medical assistance, vulnerable resident, Goa health benefit, social security
Search aliases: Goa welfare; medical assistance; vulnerable resident; Goa health benefit; social security; Goa Dayanand Social Security / medical assistance pathway health insurance; government health scheme Goa"
maharashtra-government-employees-health-scheme,state,Maharashtra,Maharashtra Government Employees Health Scheme,Healthcare and medical reimbursement framework for eligible Maharashtra government employees and pensioners.,Eligibility depends on Maharashtra government employment/pension status and current medical rules.,"Maharashtra employee health, government staff medical, pensioner, state employee health",Maharashtra employee health; government staff medical; pensioner; state employee health; Maharashtra Government Employees Health Scheme health insurance; government health scheme Maharashtra,scheme_discovery; eligibility; benefits; employee_or_pensioner,,,needs_verification,,,Seed metadata. Verify against the latest official government source before production eligibility decisions.,"Scheme: Maharashtra Government Employees Health Scheme
Region: Maharashtra
Category: state
Description: Healthcare and medical reimbursement framework for eligible Maharashtra government employees and pensioners.
Eligibility: Eligibility depends on Maharashtra government employment/pension status and current medical rules.
Keywords: Maharashtra employee health, government staff medical, pensioner, state employee health
Search aliases: Maharashtra employee health; government staff medical; pensioner; state employee health; Maharashtra Government Employees Health Scheme health insurance; government health scheme Maharashtra"
gujarat-government-employee-health-scheme,state,Gujarat,Gujarat Government Employee Health Scheme,"Healthcare benefit framework for eligible Gujarat government employees, pensioners and dependants.",Eligible Gujarat government employees/pensioners and covered family members under current rules.,"Gujarat employee health, government staff, pensioner, medical reimbursement, state health",Gujarat employee health; government staff; pensioner; medical reimbursement; state health; Gujarat Government Employee Health Scheme health insurance; government health scheme Gujarat,scheme_discovery; eligibility; benefits; employee_or_pensioner,,,needs_verification,,,Seed metadata. Verify against the latest official government source before production eligibility decisions.,"Scheme: Gujarat Government Employee Health Scheme
Region: Gujarat
Category: state
Description: Healthcare benefit framework for eligible Gujarat government employees, pensioners and dependants.
Eligibility: Eligible Gujarat government employees/pensioners and covered family members under current rules.
Keywords: Gujarat employee health, government staff, pensioner, medical reimbursement, state health
Search aliases: Gujarat employee health; government staff; pensioner; medical reimbursement; state health; Gujarat Government Employee Health Scheme health insurance; government health scheme Gujarat"
odisha-state-government-employee-health-scheme,state,Odisha,Odisha State Government Employee Health Scheme,Medical benefit framework for eligible Odisha government employees and dependants.,Eligibility depends on Odisha government employment and current medical reimbursement/cashless rules.,"Odisha employee health, government employee medical, pensioner, state health scheme",Odisha employee health; government employee medical; pensioner; state health scheme; Odisha State Government Employee Health Scheme health insurance; government health scheme Odisha,scheme_discovery; eligibility; benefits; claims; employee_or_pensioner,,,needs_verification,,,Seed metadata. Verify against the latest official government source before production eligibility decisions.,"Scheme: Odisha State Government Employee Health Scheme
Region: Odisha
Category: state
Description: Medical benefit framework for eligible Odisha government employees and dependants.
Eligibility: Eligibility depends on Odisha government employment and current medical reimbursement/cashless rules.
Keywords: Odisha employee health, government employee medical, pensioner, state health scheme
Search aliases: Odisha employee health; government employee medical; pensioner; state health scheme; Odisha State Government Employee Health Scheme health insurance; government health scheme Odisha"
punjab-government-employee-medical-scheme,state,Punjab,Punjab Government Employee Medical Scheme,Medical benefit/reimbursement framework for eligible Punjab government employees and pensioners.,Eligible Punjab government employees/pensioners and covered family members under current rules.,"Punjab employee health, government staff medical, pensioner, state health",Punjab employee health; government staff medical; pensioner; state health; Punjab Government Employee Medical Scheme health insurance; government health scheme Punjab,scheme_discovery; eligibility; benefits; employee_or_pensioner,,,needs_verification,,,Seed metadata. Verify against the latest official government source before production eligibility decisions.,"Scheme: Punjab Government Employee Medical Scheme
Region: Punjab
Category: state
Description: Medical benefit/reimbursement framework for eligible Punjab government employees and pensioners.
Eligibility: Eligible Punjab government employees/pensioners and covered family members under current rules.
Keywords: Punjab employee health, government staff medical, pensioner, state health
Search aliases: Punjab employee health; government staff medical; pensioner; state health; Punjab Government Employee Medical Scheme health insurance; government health scheme Punjab"
rajasthan-government-health-insurance-scheme-employee-pensioner-pathway,state,Rajasthan,Rajasthan Government Health Insurance Scheme (employee/pensioner pathway),State employee/pensioner health coverage through the Rajasthan Government Health Scheme framework.,"Eligible Rajasthan government employees, pensioners and covered dependants.","Rajasthan RGHS, employee health insurance, pensioner health, government staff, cashless",Rajasthan RGHS; employee health insurance; pensioner health; government staff; cashless; government health scheme Rajasthan,scheme_discovery; eligibility; benefits; claims; employee_or_pensioner,,,needs_verification,,,Seed metadata. Verify against the latest official government source before production eligibility decisions.,"Scheme: Rajasthan Government Health Insurance Scheme (employee/pensioner pathway)
Region: Rajasthan
Category: state
Description: State employee/pensioner health coverage through the Rajasthan Government Health Scheme framework.
Eligibility: Eligible Rajasthan government employees, pensioners and covered dependants.
Keywords: Rajasthan RGHS, employee health insurance, pensioner health, government staff, cashless
Search aliases: Rajasthan RGHS; employee health insurance; pensioner health; government staff; cashless; government health scheme Rajasthan"
haryana-government-employee-cashless-medical-pathway,state,Haryana,Haryana government employee cashless medical pathway,State employee healthcare arrangement providing cashless or reimbursed treatment according to applicable Haryana rules.,Eligible Haryana government employees/pensioners and covered dependants.,"Haryana employee health, cashless medical, government employee, pensioner, state health",Haryana employee health; cashless medical; government employee; pensioner; state health; Haryana government employee cashless medical pathway health insurance; government health scheme Haryana,scheme_discovery; eligibility; benefits; claims; employee_or_pensioner,,,needs_verification,,,Seed metadata. Verify against the latest official government source before production eligibility decisions.,"Scheme: Haryana government employee cashless medical pathway
Region: Haryana
Category: state
Description: State employee healthcare arrangement providing cashless or reimbursed treatment according to applicable Haryana rules.
Eligibility: Eligible Haryana government employees/pensioners and covered dependants.
Keywords: Haryana employee health, cashless medical, government employee, pensioner, state health
Search aliases: Haryana employee health; cashless medical; government employee; pensioner; state health; Haryana government employee cashless medical pathway health insurance; government health scheme Haryana"
tamil-nadu-chief-minister-s-public-health-insurance-cmchis-hospitalization-pathw,state,Tamil Nadu,Tamil Nadu Chief Minister's Public Health Insurance – CMCHIS hospitalization pathway,Publicly funded hospitalization protection under Tamil Nadu's comprehensive health insurance framework.,"Eligibility follows current CMCHIS residence, household and beneficiary criteria.","CMCHIS hospitalization, TN health insurance, Tamil Nadu health card, cashless surgery, empanelled hospital",CMCHIS hospitalization; TN health insurance; Tamil Nadu health card; cashless surgery; empanelled hospital; government health scheme Tamil Nadu,scheme_discovery; eligibility; benefits; documents; claims,,,needs_verification,,,Seed metadata. Verify against the latest official government source before production eligibility decisions.,"Scheme: Tamil Nadu Chief Minister's Public Health Insurance – CMCHIS hospitalization pathway
Region: Tamil Nadu
Category: state
Description: Publicly funded hospitalization protection under Tamil Nadu's comprehensive health insurance framework.
Eligibility: Eligibility follows current CMCHIS residence, household and beneficiary criteria.
Keywords: CMCHIS hospitalization, TN health insurance, Tamil Nadu health card, cashless surgery, empanelled hospital
Search aliases: CMCHIS hospitalization; TN health insurance; Tamil Nadu health card; cashless surgery; empanelled hospital; government health scheme Tamil Nadu"
karnataka-government-employees-health-scheme,state,Karnataka,Karnataka Government Employees Health Scheme,Healthcare support for eligible Karnataka state government employees and covered dependants.,Eligible Karnataka government employees and dependants under current state employee health rules.,"Karnataka employee health, government employee, state medical scheme, pensioner, cashless",Karnataka employee health; government employee; state medical scheme; pensioner; cashless; Karnataka Government Employees Health Scheme health insurance; government health scheme Karnataka,scheme_discovery; eligibility; benefits; claims; employee_or_pensioner,,,needs_verification,,,Seed metadata. Verify against the latest official government source before production eligibility decisions.,"Scheme: Karnataka Government Employees Health Scheme
Region: Karnataka
Category: state
Description: Healthcare support for eligible Karnataka state government employees and covered dependants.
Eligibility: Eligible Karnataka government employees and dependants under current state employee health rules.
Keywords: Karnataka employee health, government employee, state medical scheme, pensioner, cashless
Search aliases: Karnataka employee health; government employee; state medical scheme; pensioner; cashless; Karnataka Government Employees Health Scheme health insurance; government health scheme Karnataka"
andhra-pradesh-aarogyasri-employee-family-health-pathways,state,Andhra Pradesh,Andhra Pradesh Aarogyasri employee/family health pathways,State healthcare assurance pathways serving eligible beneficiaries under the Andhra Pradesh Aarogyasri framework.,"Eligibility depends on current AP beneficiary category, household status and state rules.","AP Aarogyasri, employee health, family health, Andhra Pradesh health card, cashless",AP Aarogyasri; employee health; family health; Andhra Pradesh health card; cashless; Andhra Pradesh Aarogyasri employee/family health pathways health insurance; government health scheme Andhra Pradesh,scheme_discovery; eligibility; benefits; documents; claims; employee_or_pensioner,,,needs_verification,,,Seed metadata. Verify against the latest official government source before production eligibility decisions.,"Scheme: Andhra Pradesh Aarogyasri employee/family health pathways
Region: Andhra Pradesh
Category: state
Description: State healthcare assurance pathways serving eligible beneficiaries under the Andhra Pradesh Aarogyasri framework.
Eligibility: Eligibility depends on current AP beneficiary category, household status and state rules.
Keywords: AP Aarogyasri, employee health, family health, Andhra Pradesh health card, cashless
Search aliases: AP Aarogyasri; employee health; family health; Andhra Pradesh health card; cashless; Andhra Pradesh Aarogyasri employee/family health pathways health insurance; government health scheme Andhra Pradesh"
telangana-aarogyasri-employee-family-health-pathways,state,Andhra Pradesh,Telangana Aarogyasri employee/family health pathways,Health assurance access under Telangana's Aarogyasri system for eligible beneficiary categories.,Eligibility follows current Telangana Aarogyasri beneficiary and category rules.,"Telangana Aarogyasri, family health, employee health, health card, cashless",Telangana Aarogyasri; family health; employee health; health card; cashless; Telangana Aarogyasri employee/family health pathways health insurance; government health scheme Andhra Pradesh,scheme_discovery; eligibility; benefits; documents; claims; employee_or_pensioner,,,needs_verification,,,Seed metadata. Verify against the latest official government source before production eligibility decisions.,"Scheme: Telangana Aarogyasri employee/family health pathways
Region: Andhra Pradesh
Category: state
Description: Health assurance access under Telangana's Aarogyasri system for eligible beneficiary categories.
Eligibility: Eligibility follows current Telangana Aarogyasri beneficiary and category rules.
Keywords: Telangana Aarogyasri, family health, employee health, health card, cashless
Search aliases: Telangana Aarogyasri; family health; employee health; health card; cashless; Telangana Aarogyasri employee/family health pathways health insurance; government health scheme Andhra Pradesh"
kerala-state-health-insurance-scheme-legacy-chis,state,Kerala,Kerala State Health Insurance Scheme – legacy CHIS,Former Kerala Comprehensive Health Insurance Scheme that provided health insurance to eligible poor and other households before convergence into KASP.,Historical eligibility based on Kerala's CHIS rules; use as legacy retrieval context rather than a current enrolment decision.,"Kerala CHIS, Comprehensive Health Insurance Scheme, legacy, RSBY Kerala, KASP predecessor",Kerala CHIS; Comprehensive Health Insurance Scheme; legacy; RSBY Kerala; KASP predecessor; government health scheme Kerala,scheme_discovery; eligibility; benefits; documents; application,,,needs_verification,,,Seed metadata. Verify against the latest official government source before production eligibility decisions.,"Scheme: Kerala State Health Insurance Scheme – legacy CHIS
Region: Kerala
Category: state
Description: Former Kerala Comprehensive Health Insurance Scheme that provided health insurance to eligible poor and other households before convergence into KASP.
Eligibility: Historical eligibility based on Kerala's CHIS rules; use as legacy retrieval context rather than a current enrolment decision.
Keywords: Kerala CHIS, Comprehensive Health Insurance Scheme, legacy, RSBY Kerala, KASP predecessor
Search aliases: Kerala CHIS; Comprehensive Health Insurance Scheme; legacy; RSBY Kerala; KASP predecessor; government health scheme Kerala"
kerala-senior-citizen-health-insurance-scheme-legacy-schis,state,Kerala,Kerala Senior Citizen Health Insurance Scheme – legacy SCHIS,Former additional health protection pathway for senior citizens in eligible RSBY/CHIS families.,Historical eligibility generally targeted senior beneficiaries within eligible families; verify current status before relying on it.,"SCHIS, Kerala senior citizen insurance, senior health, RSBY senior, legacy scheme",SCHIS; Kerala senior citizen insurance; senior health; RSBY senior; legacy scheme; government health scheme Kerala,scheme_discovery; eligibility; benefits,,,needs_verification,,,Seed metadata. Verify against the latest official government source before production eligibility decisions.,"Scheme: Kerala Senior Citizen Health Insurance Scheme – legacy SCHIS
Region: Kerala
Category: state
Description: Former additional health protection pathway for senior citizens in eligible RSBY/CHIS families.
Eligibility: Historical eligibility generally targeted senior beneficiaries within eligible families; verify current status before relying on it.
Keywords: SCHIS, Kerala senior citizen insurance, senior health, RSBY senior, legacy scheme
Search aliases: SCHIS; Kerala senior citizen insurance; senior health; RSBY senior; legacy scheme; government health scheme Kerala"
karnataka-yeshasvini-cooperative-farmers-health-care-scheme-legacy,state,Karnataka,Karnataka Yeshasvini Cooperative Farmers Health Care Scheme – legacy,Cooperative-sector health protection programme historically supporting members of eligible cooperatives for specified medical procedures.,Historical eligibility depended on cooperative membership and scheme enrolment rules.,"Yeshasvini, Karnataka cooperative health, farmer health insurance, cooperative society, legacy",Yeshasvini; Karnataka cooperative health; farmer health insurance; cooperative society; legacy; Karnataka Yeshasvini Cooperative Farmers Health Care Scheme – legacy health insurance; government health scheme Karnataka,scheme_discovery; eligibility; benefits; documents; application,,,needs_verification,,,Seed metadata. Verify against the latest official government source before production eligibility decisions.,"Scheme: Karnataka Yeshasvini Cooperative Farmers Health Care Scheme – legacy
Region: Karnataka
Category: state
Description: Cooperative-sector health protection programme historically supporting members of eligible cooperatives for specified medical procedures.
Eligibility: Historical eligibility depended on cooperative membership and scheme enrolment rules.
Keywords: Yeshasvini, Karnataka cooperative health, farmer health insurance, cooperative society, legacy
Search aliases: Yeshasvini; Karnataka cooperative health; farmer health insurance; cooperative society; legacy; Karnataka Yeshasvini Cooperative Farmers Health Care Scheme – legacy health insurance; government health scheme Karnataka"
karnataka-vajpayee-arogyashree-legacy-name,state,Karnataka,Karnataka Vajpayee Arogyashree – legacy name,"Former Karnataka health assurance programme for eligible low-income beneficiaries, now associated with the state's integrated health assurance framework.",Historical eligibility depended on Karnataka beneficiary categories; current applicants should use the active state programme.,"Vajpayee Arogyashree, Karnataka legacy health insurance, BPL, SAST, health card",Vajpayee Arogyashree; Karnataka legacy health insurance; BPL; SAST; health card; Karnataka Vajpayee Arogyashree – legacy name health insurance; government health scheme Karnataka,scheme_discovery; eligibility; benefits; documents,,,needs_verification,,,Seed metadata. Verify against the latest official government source before production eligibility decisions.,"Scheme: Karnataka Vajpayee Arogyashree – legacy name
Region: Karnataka
Category: state
Description: Former Karnataka health assurance programme for eligible low-income beneficiaries, now associated with the state's integrated health assurance framework.
Eligibility: Historical eligibility depended on Karnataka beneficiary categories; current applicants should use the active state programme.
Keywords: Vajpayee Arogyashree, Karnataka legacy health insurance, BPL, SAST, health card
Search aliases: Vajpayee Arogyashree; Karnataka legacy health insurance; BPL; SAST; health card; Karnataka Vajpayee Arogyashree – legacy name health insurance; government health scheme Karnataka"
maharashtra-mahatma-jyotiba-phule-jan-arogya-yojana-surgical-medical-package-pat,state,Maharashtra,Maharashtra Mahatma Jyotiba Phule Jan Arogya Yojana – surgical/medical package pathway,Cashless package-based health assurance for specified procedures under Maharashtra's active MJPJAY framework.,Eligibility follows current MJPJAY beneficiary categories and identity/residency documentation.,"MJPJAY packages, Maharashtra surgery, cashless surgery, health card, empanelled hospital",MJPJAY packages; Maharashtra surgery; cashless surgery; health card; empanelled hospital; Maharashtra Mahatma Jyotiba Phule Jan Arogya Yojana – surgical/medical package pathway health insurance; government health scheme Maharashtra,scheme_discovery; eligibility; benefits; documents; claims,,,needs_verification,,,Seed metadata. Verify against the latest official government source before production eligibility decisions.,"Scheme: Maharashtra Mahatma Jyotiba Phule Jan Arogya Yojana – surgical/medical package pathway
Region: Maharashtra
Category: state
Description: Cashless package-based health assurance for specified procedures under Maharashtra's active MJPJAY framework.
Eligibility: Eligibility follows current MJPJAY beneficiary categories and identity/residency documentation.
Keywords: MJPJAY packages, Maharashtra surgery, cashless surgery, health card, empanelled hospital
Search aliases: MJPJAY packages; Maharashtra surgery; cashless surgery; health card; empanelled hospital; Maharashtra Mahatma Jyotiba Phule Jan Arogya Yojana – surgical/medical package pathway health insurance; government health scheme Maharashtra"
odisha-biju-swasthya-kalyan-yojana-cashless-hospital-pathway,state,Odisha,Odisha Biju Swasthya Kalyan Yojana – cashless hospital pathway,Cashless hospitalization protection for eligible Odisha beneficiaries at government and empanelled facilities.,Eligibility follows current Odisha beneficiary rules.,"BSKY cashless, Odisha hospitalization, health card, empanelled hospital, government health insurance",BSKY cashless; Odisha hospitalization; health card; empanelled hospital; government health insurance; Odisha Biju Swasthya Kalyan Yojana – cashless hospital pathway health insurance; government health scheme Odisha,scheme_discovery; eligibility; benefits; documents; claims,,,needs_verification,,,Seed metadata. Verify against the latest official government source before production eligibility decisions.,"Scheme: Odisha Biju Swasthya Kalyan Yojana – cashless hospital pathway
Region: Odisha
Category: state
Description: Cashless hospitalization protection for eligible Odisha beneficiaries at government and empanelled facilities.
Eligibility: Eligibility follows current Odisha beneficiary rules.
Keywords: BSKY cashless, Odisha hospitalization, health card, empanelled hospital, government health insurance
Search aliases: BSKY cashless; Odisha hospitalization; health card; empanelled hospital; government health insurance; Odisha Biju Swasthya Kalyan Yojana – cashless hospital pathway health insurance; government health scheme Odisha"
